iso_week,league,champion,games_picked,total_games,pick_rate
2026-W16,LCS,Aatrox,1,2,0.5
2026-W16,LCS,Ahri,1,2,0.5
2026-W16,LCS,Alistar,1,2,0.5
2026-W16,LCS,Azir,1,2,0.5
2026-W16,LCS,Bard,1,2,0.5
2026-W16,LCS,Ezreal,1,2,0.5
2026-W16,LCS,Gnar,1,2,0.5
2026-W16,LCS,Jarvan IV,1,2,0.5
2026-W16,LCS,Lee Sin,1,2,0.5
2026-W16,LCS,Lissandra,1,2,0.5
2026-W16,LCS,Nautilus,1,2,0.5
2026-W16,LCS,Orianna,1,2,0.5
2026-W16,LCS,Rakan,1,2,0.5
2026-W16,LCS,Renekton,1,2,0.5
2026-W16,LCS,Senna,1,2,0.5
2026-W16,LCS,Sylas,1,2,0.5
2026-W16,LCS,Varus,1,2,0.5
2026-W16,LCS,Xayah,1,2,0.5
2026-W16,LCS,Xin Zhao,1,2,0.5
2026-W16,LCS,Zaahen,1,2,0.5
2026-W17,LCK,Xin Zhao,9,21,0.42857142857142855
2026-W17,LCK,Annie,7,21,0.3333333333333333
2026-W17,LCK,Azir,7,21,0.3333333333333333
2026-W17,LCK,Jayce,7,21,0.3333333333333333
2026-W17,LCK,Neeko,7,21,0.3333333333333333
2026-W17,LCK,Yunara,7,21,0.3333333333333333
2026-W17,LCK,Aurora,6,21,0.2857142857142857
2026-W17,LCK,Caitlyn,6,21,0.2857142857142857
2026-W17,LCK,Ezreal,6,21,0.2857142857142857
2026-W17,LCK,Jarvan IV,6,21,0.2857142857142857
2026-W17,LCK,Jhin,6,21,0.2857142857142857
2026-W17,LCK,Nautilus,6,21,0.2857142857142857
2026-W17,LCK,Bard,5,21,0.23809523809523808
2026-W17,LCK,Gnar,5,21,0.23809523809523808
2026-W17,LCK,Karma,5,21,0.23809523809523808
2026-W17,LCK,Lulu,5,21,0.23809523809523808
2026-W17,LCK,Nocturne,5,21,0.23809523809523808
2026-W17,LCK,Pantheon,5,21,0.23809523809523808
2026-W17,LCK,Akali,4,21,0.19047619047619047
2026-W17,LCK,Anivia,4,21,0.19047619047619047
2026-W17,LCK,Corki,4,21,0.19047619047619047
2026-W17,LCK,Renekton,4,21,0.19047619047619047
2026-W17,LCK,Rumble,4,21,0.19047619047619047
2026-W17,LCK,Sion,4,21,0.19047619047619047
2026-W17,LCK,Sivir,4,21,0.19047619047619047
2026-W17,LCK,K'Sante,3,21,0.14285714285714285
2026-W17,LCK,Lee Sin,3,21,0.14285714285714285
2026-W17,LCK,Miss Fortune,3,21,0.14285714285714285
2026-W17,LCK,Naafiri,3,21,0.14285714285714285
2026-W17,LCK,Orianna,3,21,0.14285714285714285
2026-W17,LCK,Ryze,3,21,0.14285714285714285
2026-W17,LCK,Trundle,3,21,0.14285714285714285
2026-W17,LCK,Ahri,2,21,0.09523809523809523
2026-W17,LCK,Ambessa,2,21,0.09523809523809523
2026-W17,LCK,Ashe,2,21,0.09523809523809523
2026-W17,LCK,Mel,2,21,0.09523809523809523
2026-W17,LCK,Nami,2,21,0.09523809523809523
2026-W17,LCK,Poppy,2,21,0.09523809523809523
2026-W17,LCK,Sejuani,2,21,0.09523809523809523
2026-W17,LCK,Seraphine,2,21,0.09523809523809523
2026-W17,LCK,Twisted Fate,2,21,0.09523809523809523
2026-W17,LCK,Varus,2,21,0.09523809523809523
2026-W17,LCK,Vayne,2,21,0.09523809523809523
2026-W17,LCK,Vi,2,21,0.09523809523809523
2026-W17,LCK,Wukong,2,21,0.09523809523809523
2026-W17,LCK,Yone,2,21,0.09523809523809523
2026-W17,LCK,Yorick,2,21,0.09523809523809523
2026-W17,LCK,Yuumi,2,21,0.09523809523809523
2026-W17,LCK,Ziggs,2,21,0.09523809523809523
2026-W17,LCK,Alistar,1,21,0.047619047619047616
2026-W17,LCK,Aphelios,1,21,0.047619047619047616
2026-W17,LCK,Aurelion Sol,1,21,0.047619047619047616
2026-W17,LCK,Cassiopeia,1,21,0.047619047619047616
2026-W17,LCK,Elise,1,21,0.047619047619047616
2026-W17,LCK,Hwei,1,21,0.047619047619047616
2026-W17,LCK,Illaoi,1,21,0.047619047619047616
2026-W17,LCK,Leona,1,21,0.047619047619047616
2026-W17,LCK,Lucian,1,21,0.047619047619047616
2026-W17,LCK,Lux,1,21,0.047619047619047616
2026-W17,LCK,Maokai,1,21,0.047619047619047616
2026-W17,LCK,Milio,1,21,0.047619047619047616
2026-W17,LCK,Morgana,1,21,0.047619047619047616
2026-W17,LCK,Rek'Sai,1,21,0.047619047619047616
2026-W17,LCK,Rell,1,21,0.047619047619047616
2026-W17,LCK,Thresh,1,21,0.047619047619047616
2026-W17,LCK,Xayah,1,21,0.047619047619047616
2026-W17,LCS,Aurora,4,9,0.4444444444444444
2026-W17,LCS,Rumble,4,9,0.4444444444444444
2026-W17,LCS,Annie,3,9,0.3333333333333333
2026-W17,LCS,Ashe,3,9,0.3333333333333333
2026-W17,LCS,Bard,3,9,0.3333333333333333
2026-W17,LCS,Ezreal,3,9,0.3333333333333333
2026-W17,LCS,Gnar,3,9,0.3333333333333333
2026-W17,LCS,Jarvan IV,3,9,0.3333333333333333
2026-W17,LCS,Jhin,3,9,0.3333333333333333
2026-W17,LCS,Pantheon,3,9,0.3333333333333333
2026-W17,LCS,Seraphine,3,9,0.3333333333333333
2026-W17,LCS,Sion,3,9,0.3333333333333333
2026-W17,LCS,Varus,3,9,0.3333333333333333
2026-W17,LCS,Xin Zhao,3,9,0.3333333333333333
2026-W17,LCS,Ambessa,2,9,0.2222222222222222
2026-W17,LCS,Azir,2,9,0.2222222222222222
2026-W17,LCS,Lulu,2,9,0.2222222222222222
2026-W17,LCS,Nami,2,9,0.2222222222222222
2026-W17,LCS,Nautilus,2,9,0.2222222222222222
2026-W17,LCS,Rakan,2,9,0.2222222222222222
2026-W17,LCS,Ryze,2,9,0.2222222222222222
2026-W17,LCS,Yone,2,9,0.2222222222222222
2026-W17,LCS,Akali,1,9,0.1111111111111111
2026-W17,LCS,Alistar,1,9,0.1111111111111111
2026-W17,LCS,Caitlyn,1,9,0.1111111111111111
2026-W17,LCS,Cassiopeia,1,9,0.1111111111111111
2026-W17,LCS,Corki,1,9,0.1111111111111111
2026-W17,LCS,Galio,1,9,0.1111111111111111
2026-W17,LCS,Hwei,1,9,0.1111111111111111
2026-W17,LCS,Jayce,1,9,0.1111111111111111
2026-W17,LCS,K'Sante,1,9,0.1111111111111111
2026-W17,LCS,Kai'Sa,1,9,0.1111111111111111
2026-W17,LCS,Karma,1,9,0.1111111111111111
2026-W17,LCS,LeBlanc,1,9,0.1111111111111111
2026-W17,LCS,Leona,1,9,0.1111111111111111
2026-W17,LCS,Lucian,1,9,0.1111111111111111
2026-W17,LCS,Miss Fortune,1,9,0.1111111111111111
2026-W17,LCS,Naafiri,1,9,0.1111111111111111
2026-W17,LCS,Nocturne,1,9,0.1111111111111111
2026-W17,LCS,Orianna,1,9,0.1111111111111111
2026-W17,LCS,Ornn,1,9,0.1111111111111111
2026-W17,LCS,Renekton,1,9,0.1111111111111111
2026-W17,LCS,Sejuani,1,9,0.1111111111111111
2026-W17,LCS,Shen,1,9,0.1111111111111111
2026-W17,LCS,Skarner,1,9,0.1111111111111111
2026-W17,LCS,Trundle,1,9,0.1111111111111111
2026-W17,LCS,Vayne,1,9,0.1111111111111111
2026-W17,LCS,Vi,1,9,0.1111111111111111
2026-W17,LCS,Wukong,1,9,0.1111111111111111
2026-W17,LCS,Yorick,1,9,0.1111111111111111
2026-W17,LCS,Yunara,1,9,0.1111111111111111
2026-W17,LCS,Zaahen,1,9,0.1111111111111111
2026-W17,LEC,Nami,8,20,0.4
2026-W17,LEC,Aurora,7,20,0.35
2026-W17,LEC,Corki,7,20,0.35
2026-W17,LEC,Ezreal,7,20,0.35
2026-W17,LEC,Karma,7,20,0.35
2026-W17,LEC,Azir,6,20,0.3
2026-W17,LEC,Nocturne,6,20,0.3
2026-W17,LEC,Rumble,6,20,0.3
2026-W17,LEC,Ryze,6,20,0.3
2026-W17,LEC,Bard,5,20,0.25
2026-W17,LEC,Caitlyn,5,20,0.25
2026-W17,LEC,Jarvan IV,5,20,0.25
2026-W17,LEC,K'Sante,5,20,0.25
2026-W17,LEC,Neeko,5,20,0.25
2026-W17,LEC,Pantheon,5,20,0.25
2026-W17,LEC,Xin Zhao,5,20,0.25
2026-W17,LEC,Yunara,5,20,0.25
2026-W17,LEC,Ambessa,4,20,0.2
2026-W17,LEC,Anivia,4,20,0.2
2026-W17,LEC,Annie,4,20,0.2
2026-W17,LEC,Ashe,4,20,0.2
2026-W17,LEC,Gnar,4,20,0.2
2026-W17,LEC,Jayce,4,20,0.2
2026-W17,LEC,Lulu,4,20,0.2
2026-W17,LEC,Seraphine,4,20,0.2
2026-W17,LEC,Sion,4,20,0.2
2026-W17,LEC,Vi,4,20,0.2
2026-W17,LEC,Akali,3,20,0.15
2026-W17,LEC,Lucian,3,20,0.15
2026-W17,LEC,Milio,3,20,0.15
2026-W17,LEC,Sivir,3,20,0.15
2026-W17,LEC,Skarner,3,20,0.15
2026-W17,LEC,Viktor,3,20,0.15
2026-W17,LEC,Wukong,3,20,0.15
2026-W17,LEC,Ahri,2,20,0.1
2026-W17,LEC,Jhin,2,20,0.1
2026-W17,LEC,Ornn,2,20,0.1
2026-W17,LEC,Renekton,2,20,0.1
2026-W17,LEC,Taliyah,2,20,0.1
2026-W17,LEC,Varus,2,20,0.1
2026-W17,LEC,Vayne,2,20,0.1
2026-W17,LEC,Amumu,1,20,0.05
2026-W17,LEC,Cassiopeia,1,20,0.05
2026-W17,LEC,Darius,1,20,0.05
2026-W17,LEC,Diana,1,20,0.05
2026-W17,LEC,Gwen,1,20,0.05
2026-W17,LEC,Irelia,1,20,0.05
2026-W17,LEC,Kai'Sa,1,20,0.05
2026-W17,LEC,Kalista,1,20,0.05
2026-W17,LEC,Kennen,1,20,0.05
2026-W17,LEC,Kha'Zix,1,20,0.05
2026-W17,LEC,LeBlanc,1,20,0.05
2026-W17,LEC,Olaf,1,20,0.05
2026-W17,LEC,Orianna,1,20,0.05
2026-W17,LEC,Qiyana,1,20,0.05
2026-W17,LEC,Rakan,1,20,0.05
2026-W17,LEC,Renata Glasc,1,20,0.05
2026-W17,LEC,Sejuani,1,20,0.05
2026-W17,LEC,Shen,1,20,0.05
2026-W17,LEC,Soraka,1,20,0.05
2026-W17,LEC,Syndra,1,20,0.05
2026-W17,LEC,Viego,1,20,0.05
2026-W17,LEC,Xayah,1,20,0.05
2026-W17,LEC,Yone,1,20,0.05
2026-W17,LEC,Zaahen,1,20,0.05
2026-W17,LEC,Ziggs,1,20,0.05
2026-W17,LPL,Jarvan IV,10,23,0.43478260869565216
2026-W17,LPL,Ashe,9,23,0.391304347826087
2026-W17,LPL,Seraphine,9,23,0.391304347826087
2026-W17,LPL,Aurora,8,23,0.34782608695652173
2026-W17,LPL,Lucian,8,23,0.34782608695652173
2026-W17,LPL,Milio,8,23,0.34782608695652173
2026-W17,LPL,Ambessa,7,23,0.30434782608695654
2026-W17,LPL,Nocturne,7,23,0.30434782608695654
2026-W17,LPL,Xin Zhao,7,23,0.30434782608695654
2026-W17,LPL,Annie,6,23,0.2608695652173913
2026-W17,LPL,Bard,6,23,0.2608695652173913
2026-W17,LPL,Ezreal,6,23,0.2608695652173913
2026-W17,LPL,Gnar,6,23,0.2608695652173913
2026-W17,LPL,Lulu,6,23,0.2608695652173913
2026-W17,LPL,Sion,6,23,0.2608695652173913
2026-W17,LPL,Jhin,5,23,0.21739130434782608
2026-W17,LPL,Nami,5,23,0.21739130434782608
2026-W17,LPL,Ryze,5,23,0.21739130434782608
2026-W17,LPL,Vi,5,23,0.21739130434782608
2026-W17,LPL,Yunara,5,23,0.21739130434782608
2026-W17,LPL,Ahri,4,23,0.17391304347826086
2026-W17,LPL,Azir,4,23,0.17391304347826086
2026-W17,LPL,Corki,4,23,0.17391304347826086
2026-W17,LPL,Jayce,4,23,0.17391304347826086
2026-W17,LPL,Lee Sin,4,23,0.17391304347826086
2026-W17,LPL,Nautilus,4,23,0.17391304347826086
2026-W17,LPL,Rumble,4,23,0.17391304347826086
2026-W17,LPL,Yorick,4,23,0.17391304347826086
2026-W17,LPL,K'Sante,3,23,0.13043478260869565
2026-W17,LPL,Karma,3,23,0.13043478260869565
2026-W17,LPL,LeBlanc,3,23,0.13043478260869565
2026-W17,LPL,Orianna,3,23,0.13043478260869565
2026-W17,LPL,Pantheon,3,23,0.13043478260869565
2026-W17,LPL,Skarner,3,23,0.13043478260869565
2026-W17,LPL,Twisted Fate,3,23,0.13043478260869565
2026-W17,LPL,Varus,3,23,0.13043478260869565
2026-W17,LPL,Wukong,3,23,0.13043478260869565
2026-W17,LPL,Akali,2,23,0.08695652173913043
2026-W17,LPL,Anivia,2,23,0.08695652173913043
2026-W17,LPL,Mel,2,23,0.08695652173913043
2026-W17,LPL,Naafiri,2,23,0.08695652173913043
2026-W17,LPL,Neeko,2,23,0.08695652173913043
2026-W17,LPL,Alistar,1,23,0.043478260869565216
2026-W17,LPL,Aphelios,1,23,0.043478260869565216
2026-W17,LPL,Caitlyn,1,23,0.043478260869565216
2026-W17,LPL,Draven,1,23,0.043478260869565216
2026-W17,LPL,Gragas,1,23,0.043478260869565216
2026-W17,LPL,Gwen,1,23,0.043478260869565216
2026-W17,LPL,Kai'Sa,1,23,0.043478260869565216
2026-W17,LPL,Kalista,1,23,0.043478260869565216
2026-W17,LPL,Lissandra,1,23,0.043478260869565216
2026-W17,LPL,Malphite,1,23,0.043478260869565216
2026-W17,LPL,Malzahar,1,23,0.043478260869565216
2026-W17,LPL,Maokai,1,23,0.043478260869565216
2026-W17,LPL,Miss Fortune,1,23,0.043478260869565216
2026-W17,LPL,Olaf,1,23,0.043478260869565216
2026-W17,LPL,Qiyana,1,23,0.043478260869565216
2026-W17,LPL,Rakan,1,23,0.043478260869565216
2026-W17,LPL,Rek'Sai,1,23,0.043478260869565216
2026-W17,LPL,Renata Glasc,1,23,0.043478260869565216
2026-W17,LPL,Renekton,1,23,0.043478260869565216
2026-W17,LPL,Sivir,1,23,0.043478260869565216
2026-W17,LPL,Sylas,1,23,0.043478260869565216
2026-W17,LPL,Syndra,1,23,0.043478260869565216
2026-W17,LPL,Taliyah,1,23,0.043478260869565216
2026-W17,LPL,Trundle,1,23,0.043478260869565216
2026-W17,LPL,Tryndamere,1,23,0.043478260869565216
2026-W17,LPL,Vayne,1,23,0.043478260869565216
2026-W17,LPL,Yone,1,23,0.043478260869565216
2026-W18,LCK,Jarvan IV,10,23,0.43478260869565216
2026-W18,LCK,Xin Zhao,10,23,0.43478260869565216
2026-W18,LCK,Annie,9,23,0.391304347826087
2026-W18,LCK,Aurora,8,23,0.34782608695652173
2026-W18,LCK,Ezreal,8,23,0.34782608695652173
2026-W18,LCK,Lucian,8,23,0.34782608695652173
2026-W18,LCK,Ashe,7,23,0.30434782608695654
2026-W18,LCK,Gnar,7,23,0.30434782608695654
2026-W18,LCK,Lulu,7,23,0.30434782608695654
2026-W18,LCK,Milio,7,23,0.30434782608695654
2026-W18,LCK,Renekton,7,23,0.30434782608695654
2026-W18,LCK,Seraphine,7,23,0.30434782608695654
2026-W18,LCK,Ahri,6,23,0.2608695652173913
2026-W18,LCK,Jayce,6,23,0.2608695652173913
2026-W18,LCK,Pantheon,6,23,0.2608695652173913
2026-W18,LCK,Jhin,5,23,0.21739130434782608
2026-W18,LCK,Lee Sin,5,23,0.21739130434782608
2026-W18,LCK,Neeko,5,23,0.21739130434782608
2026-W18,LCK,Vi,5,23,0.21739130434782608
2026-W18,LCK,Yunara,5,23,0.21739130434782608
2026-W18,LCK,Ambessa,4,23,0.17391304347826086
2026-W18,LCK,Anivia,4,23,0.17391304347826086
2026-W18,LCK,Bard,4,23,0.17391304347826086
2026-W18,LCK,Ryze,4,23,0.17391304347826086
2026-W18,LCK,Sion,4,23,0.17391304347826086
2026-W18,LCK,Trundle,4,23,0.17391304347826086
2026-W18,LCK,Akali,3,23,0.13043478260869565
2026-W18,LCK,Azir,3,23,0.13043478260869565
2026-W18,LCK,Karma,3,23,0.13043478260869565
2026-W18,LCK,Nautilus,3,23,0.13043478260869565
2026-W18,LCK,Nocturne,3,23,0.13043478260869565
2026-W18,LCK,Rumble,3,23,0.13043478260869565
2026-W18,LCK,Sylas,3,23,0.13043478260869565
2026-W18,LCK,Yorick,3,23,0.13043478260869565
2026-W18,LCK,Alistar,2,23,0.08695652173913043
2026-W18,LCK,Caitlyn,2,23,0.08695652173913043
2026-W18,LCK,K'Sante,2,23,0.08695652173913043
2026-W18,LCK,Mel,2,23,0.08695652173913043
2026-W18,LCK,Miss Fortune,2,23,0.08695652173913043
2026-W18,LCK,Rakan,2,23,0.08695652173913043
2026-W18,LCK,Twisted Fate,2,23,0.08695652173913043
2026-W18,LCK,Vayne,2,23,0.08695652173913043
2026-W18,LCK,Wukong,2,23,0.08695652173913043
2026-W18,LCK,Aatrox,1,23,0.043478260869565216
2026-W18,LCK,Aphelios,1,23,0.043478260869565216
2026-W18,LCK,Corki,1,23,0.043478260869565216
2026-W18,LCK,Elise,1,23,0.043478260869565216
2026-W18,LCK,Galio,1,23,0.043478260869565216
2026-W18,LCK,Gragas,1,23,0.043478260869565216
2026-W18,LCK,Gwen,1,23,0.043478260869565216
2026-W18,LCK,Hwei,1,23,0.043478260869565216
2026-W18,LCK,Jax,1,23,0.043478260869565216
2026-W18,LCK,Kai'Sa,1,23,0.043478260869565216
2026-W18,LCK,Kalista,1,23,0.043478260869565216
2026-W18,LCK,Kog'Maw,1,23,0.043478260869565216
2026-W18,LCK,Nami,1,23,0.043478260869565216
2026-W18,LCK,Nidalee,1,23,0.043478260869565216
2026-W18,LCK,Orianna,1,23,0.043478260869565216
2026-W18,LCK,Poppy,1,23,0.043478260869565216
2026-W18,LCK,Pyke,1,23,0.043478260869565216
2026-W18,LCK,Renata Glasc,1,23,0.043478260869565216
2026-W18,LCK,Shen,1,23,0.043478260869565216
2026-W18,LCK,Sivir,1,23,0.043478260869565216
2026-W18,LCK,Skarner,1,23,0.043478260869565216
2026-W18,LCK,Varus,1,23,0.043478260869565216
2026-W18,LCK,Viktor,1,23,0.043478260869565216
2026-W18,LCK,Xayah,1,23,0.043478260869565216
2026-W18,LCK,Yuumi,1,23,0.043478260869565216
2026-W18,LCK,Zeri,1,23,0.043478260869565216
2026-W18,LCS,Nami,4,10,0.4
2026-W18,LCS,Rumble,4,10,0.4
2026-W18,LCS,Alistar,3,10,0.3
2026-W18,LCS,Annie,3,10,0.3
2026-W18,LCS,Ashe,3,10,0.3
2026-W18,LCS,Corki,3,10,0.3
2026-W18,LCS,Ezreal,3,10,0.3
2026-W18,LCS,Jarvan IV,3,10,0.3
2026-W18,LCS,Pantheon,3,10,0.3
2026-W18,LCS,Seraphine,3,10,0.3
2026-W18,LCS,Vi,3,10,0.3
2026-W18,LCS,Xin Zhao,3,10,0.3
2026-W18,LCS,Akali,2,10,0.2
2026-W18,LCS,Bard,2,10,0.2
2026-W18,LCS,Caitlyn,2,10,0.2
2026-W18,LCS,Gnar,2,10,0.2
2026-W18,LCS,Gragas,2,10,0.2
2026-W18,LCS,Hwei,2,10,0.2
2026-W18,LCS,Jayce,2,10,0.2
2026-W18,LCS,K'Sante,2,10,0.2
2026-W18,LCS,Lucian,2,10,0.2
2026-W18,LCS,Nautilus,2,10,0.2
2026-W18,LCS,Neeko,2,10,0.2
2026-W18,LCS,Nocturne,2,10,0.2
2026-W18,LCS,Ornn,2,10,0.2
2026-W18,LCS,Rakan,2,10,0.2
2026-W18,LCS,Ryze,2,10,0.2
2026-W18,LCS,Sejuani,2,10,0.2
2026-W18,LCS,Sion,2,10,0.2
2026-W18,LCS,Taliyah,2,10,0.2
2026-W18,LCS,Varus,2,10,0.2
2026-W18,LCS,Viktor,2,10,0.2
2026-W18,LCS,Xayah,2,10,0.2
2026-W18,LCS,Yone,2,10,0.2
2026-W18,LCS,Ahri,1,10,0.1
2026-W18,LCS,Anivia,1,10,0.1
2026-W18,LCS,Aurora,1,10,0.1
2026-W18,LCS,Braum,1,10,0.1
2026-W18,LCS,Cassiopeia,1,10,0.1
2026-W18,LCS,Dr. Mundo,1,10,0.1
2026-W18,LCS,Galio,1,10,0.1
2026-W18,LCS,Jax,1,10,0.1
2026-W18,LCS,Jhin,1,10,0.1
2026-W18,LCS,Kai'Sa,1,10,0.1
2026-W18,LCS,Lee Sin,1,10,0.1
2026-W18,LCS,Lulu,1,10,0.1
2026-W18,LCS,Orianna,1,10,0.1
2026-W18,LCS,Renekton,1,10,0.1
2026-W18,LCS,Shen,1,10,0.1
2026-W18,LCS,Sivir,1,10,0.1
2026-W18,LCS,Smolder,1,10,0.1
2026-W18,LCS,Wukong,1,10,0.1
2026-W18,LEC,Ezreal,4,9,0.4444444444444444
2026-W18,LEC,Ambessa,3,9,0.3333333333333333
2026-W18,LEC,Bard,3,9,0.3333333333333333
2026-W18,LEC,Caitlyn,3,9,0.3333333333333333
2026-W18,LEC,Gnar,3,9,0.3333333333333333
2026-W18,LEC,Lucian,3,9,0.3333333333333333
2026-W18,LEC,Lulu,3,9,0.3333333333333333
2026-W18,LEC,Nami,3,9,0.3333333333333333
2026-W18,LEC,Pantheon,3,9,0.3333333333333333
2026-W18,LEC,Rumble,3,9,0.3333333333333333
2026-W18,LEC,Wukong,3,9,0.3333333333333333
2026-W18,LEC,Xin Zhao,3,9,0.3333333333333333
2026-W18,LEC,Ahri,2,9,0.2222222222222222
2026-W18,LEC,Anivia,2,9,0.2222222222222222
2026-W18,LEC,Annie,2,9,0.2222222222222222
2026-W18,LEC,Aurora,2,9,0.2222222222222222
2026-W18,LEC,Azir,2,9,0.2222222222222222
2026-W18,LEC,Irelia,2,9,0.2222222222222222
2026-W18,LEC,Jarvan IV,2,9,0.2222222222222222
2026-W18,LEC,Jayce,2,9,0.2222222222222222
2026-W18,LEC,Milio,2,9,0.2222222222222222
2026-W18,LEC,Nocturne,2,9,0.2222222222222222
2026-W18,LEC,Ryze,2,9,0.2222222222222222
2026-W18,LEC,Seraphine,2,9,0.2222222222222222
2026-W18,LEC,Viktor,2,9,0.2222222222222222
2026-W18,LEC,Yunara,2,9,0.2222222222222222
2026-W18,LEC,Zaahen,2,9,0.2222222222222222
2026-W18,LEC,Aatrox,1,9,0.1111111111111111
2026-W18,LEC,Ashe,1,9,0.1111111111111111
2026-W18,LEC,Ekko,1,9,0.1111111111111111
2026-W18,LEC,Jhin,1,9,0.1111111111111111
2026-W18,LEC,K'Sante,1,9,0.1111111111111111
2026-W18,LEC,Kai'Sa,1,9,0.1111111111111111
2026-W18,LEC,Karma,1,9,0.1111111111111111
2026-W18,LEC,Kog'Maw,1,9,0.1111111111111111
2026-W18,LEC,Mel,1,9,0.1111111111111111
2026-W18,LEC,Neeko,1,9,0.1111111111111111
2026-W18,LEC,Orianna,1,9,0.1111111111111111
2026-W18,LEC,Ornn,1,9,0.1111111111111111
2026-W18,LEC,Rakan,1,9,0.1111111111111111
2026-W18,LEC,Rell,1,9,0.1111111111111111
2026-W18,LEC,Shyvana,1,9,0.1111111111111111
2026-W18,LEC,Skarner,1,9,0.1111111111111111
2026-W18,LEC,Syndra,1,9,0.1111111111111111
2026-W18,LEC,Trundle,1,9,0.1111111111111111
2026-W18,LEC,Varus,1,9,0.1111111111111111
2026-W18,LEC,Vi,1,9,0.1111111111111111
2026-W18,LEC,Yasuo,1,9,0.1111111111111111
2026-W18,LEC,Yuumi,1,9,0.1111111111111111
2026-W18,LEC,Zeri,1,9,0.1111111111111111
2026-W18,LPL,Pantheon,13,32,0.40625
2026-W18,LPL,Azir,10,32,0.3125
2026-W18,LPL,Corki,10,32,0.3125
2026-W18,LPL,Ezreal,10,32,0.3125
2026-W18,LPL,Ryze,10,32,0.3125
2026-W18,LPL,Seraphine,10,32,0.3125
2026-W18,LPL,Xin Zhao,10,32,0.3125
2026-W18,LPL,Annie,9,32,0.28125
2026-W18,LPL,Gnar,9,32,0.28125
2026-W18,LPL,Jarvan IV,9,32,0.28125
2026-W18,LPL,Jayce,8,32,0.25
2026-W18,LPL,Jhin,8,32,0.25
2026-W18,LPL,Lulu,8,32,0.25
2026-W18,LPL,Rumble,8,32,0.25
2026-W18,LPL,Sion,8,32,0.25
2026-W18,LPL,Yunara,8,32,0.25
2026-W18,LPL,Ahri,7,32,0.21875
2026-W18,LPL,Ambessa,7,32,0.21875
2026-W18,LPL,Ashe,7,32,0.21875
2026-W18,LPL,Aurora,7,32,0.21875
2026-W18,LPL,Bard,7,32,0.21875
2026-W18,LPL,Karma,7,32,0.21875
2026-W18,LPL,Lucian,7,32,0.21875
2026-W18,LPL,Milio,7,32,0.21875
2026-W18,LPL,Nocturne,7,32,0.21875
2026-W18,LPL,Vi,7,32,0.21875
2026-W18,LPL,K'Sante,6,32,0.1875
2026-W18,LPL,Nami,6,32,0.1875
2026-W18,LPL,Varus,6,32,0.1875
2026-W18,LPL,Naafiri,5,32,0.15625
2026-W18,LPL,Renekton,5,32,0.15625
2026-W18,LPL,Yone,5,32,0.15625
2026-W18,LPL,Caitlyn,4,32,0.125
2026-W18,LPL,Nautilus,4,32,0.125
2026-W18,LPL,Rakan,4,32,0.125
2026-W18,LPL,Skarner,4,32,0.125
2026-W18,LPL,Miss Fortune,3,32,0.09375
2026-W18,LPL,Neeko,3,32,0.09375
2026-W18,LPL,Sylas,3,32,0.09375
2026-W18,LPL,Trundle,3,32,0.09375
2026-W18,LPL,Akali,2,32,0.0625
2026-W18,LPL,Alistar,2,32,0.0625
2026-W18,LPL,Anivia,2,32,0.0625
2026-W18,LPL,LeBlanc,2,32,0.0625
2026-W18,LPL,Maokai,2,32,0.0625
2026-W18,LPL,Orianna,2,32,0.0625
2026-W18,LPL,Rell,2,32,0.0625
2026-W18,LPL,Sejuani,2,32,0.0625
2026-W18,LPL,Twisted Fate,2,32,0.0625
2026-W18,LPL,Vayne,2,32,0.0625
2026-W18,LPL,Yorick,2,32,0.0625
2026-W18,LPL,Aatrox,1,32,0.03125
2026-W18,LPL,Aphelios,1,32,0.03125
2026-W18,LPL,Camille,1,32,0.03125
2026-W18,LPL,Cassiopeia,1,32,0.03125
2026-W18,LPL,Galio,1,32,0.03125
2026-W18,LPL,Gragas,1,32,0.03125
2026-W18,LPL,Gwen,1,32,0.03125
2026-W18,LPL,Jax,1,32,0.03125
2026-W18,LPL,Jinx,1,32,0.03125
2026-W18,LPL,Lee Sin,1,32,0.03125
2026-W18,LPL,Lux,1,32,0.03125
2026-W18,LPL,Malzahar,1,32,0.03125
2026-W18,LPL,Mel,1,32,0.03125
2026-W18,LPL,Nidalee,1,32,0.03125
2026-W18,LPL,Shen,1,32,0.03125
2026-W18,LPL,Taliyah,1,32,0.03125
2026-W18,LPL,Viktor,1,32,0.03125
2026-W18,LPL,Wukong,1,32,0.03125
2026-W18,LPL,Ziggs,1,32,0.03125
2026-W19,LCK,Seraphine,9,21,0.42857142857142855
2026-W19,LCK,Xin Zhao,9,21,0.42857142857142855
2026-W19,LCK,Ashe,8,21,0.38095238095238093
2026-W19,LCK,Gnar,7,21,0.3333333333333333
2026-W19,LCK,Jarvan IV,7,21,0.3333333333333333
2026-W19,LCK,Ryze,7,21,0.3333333333333333
2026-W19,LCK,Bard,6,21,0.2857142857142857
2026-W19,LCK,Jhin,6,21,0.2857142857142857
2026-W19,LCK,Lucian,6,21,0.2857142857142857
2026-W19,LCK,Pantheon,6,21,0.2857142857142857
2026-W19,LCK,Renekton,6,21,0.2857142857142857
2026-W19,LCK,Ahri,5,21,0.23809523809523808
2026-W19,LCK,Aurora,5,21,0.23809523809523808
2026-W19,LCK,Caitlyn,5,21,0.23809523809523808
2026-W19,LCK,Lulu,5,21,0.23809523809523808
2026-W19,LCK,Milio,5,21,0.23809523809523808
2026-W19,LCK,Nocturne,5,21,0.23809523809523808
2026-W19,LCK,Vi,5,21,0.23809523809523808
2026-W19,LCK,Anivia,4,21,0.19047619047619047
2026-W19,LCK,Ezreal,4,21,0.19047619047619047
2026-W19,LCK,Jayce,4,21,0.19047619047619047
2026-W19,LCK,K'Sante,4,21,0.19047619047619047
2026-W19,LCK,Nautilus,4,21,0.19047619047619047
2026-W19,LCK,Neeko,4,21,0.19047619047619047
2026-W19,LCK,Sion,4,21,0.19047619047619047
2026-W19,LCK,Skarner,4,21,0.19047619047619047
2026-W19,LCK,Twisted Fate,4,21,0.19047619047619047
2026-W19,LCK,Ambessa,3,21,0.14285714285714285
2026-W19,LCK,Annie,3,21,0.14285714285714285
2026-W19,LCK,Karma,3,21,0.14285714285714285
2026-W19,LCK,Miss Fortune,3,21,0.14285714285714285
2026-W19,LCK,Naafiri,3,21,0.14285714285714285
2026-W19,LCK,Rumble,3,21,0.14285714285714285
2026-W19,LCK,Taliyah,3,21,0.14285714285714285
2026-W19,LCK,Viktor,3,21,0.14285714285714285
2026-W19,LCK,Yunara,3,21,0.14285714285714285
2026-W19,LCK,Cassiopeia,2,21,0.09523809523809523
2026-W19,LCK,Mel,2,21,0.09523809523809523
2026-W19,LCK,Orianna,2,21,0.09523809523809523
2026-W19,LCK,Sivir,2,21,0.09523809523809523
2026-W19,LCK,Sylas,2,21,0.09523809523809523
2026-W19,LCK,Trundle,2,21,0.09523809523809523
2026-W19,LCK,Yorick,2,21,0.09523809523809523
2026-W19,LCK,Zaahen,2,21,0.09523809523809523
2026-W19,LCK,Akali,1,21,0.047619047619047616
2026-W19,LCK,Azir,1,21,0.047619047619047616
2026-W19,LCK,Camille,1,21,0.047619047619047616
2026-W19,LCK,Jax,1,21,0.047619047619047616
2026-W19,LCK,Kog'Maw,1,21,0.047619047619047616
2026-W19,LCK,Lee Sin,1,21,0.047619047619047616
2026-W19,LCK,Lissandra,1,21,0.047619047619047616
2026-W19,LCK,Lux,1,21,0.047619047619047616
2026-W19,LCK,Nami,1,21,0.047619047619047616
2026-W19,LCK,Olaf,1,21,0.047619047619047616
2026-W19,LCK,Poppy,1,21,0.047619047619047616
2026-W19,LCK,Rakan,1,21,0.047619047619047616
2026-W19,LCK,Senna,1,21,0.047619047619047616
2026-W19,LCK,Shen,1,21,0.047619047619047616
2026-W19,LCK,Tristana,1,21,0.047619047619047616
2026-W19,LCK,Varus,1,21,0.047619047619047616
2026-W19,LCK,Wukong,1,21,0.047619047619047616
2026-W19,LCK,Yone,1,21,0.047619047619047616
2026-W19,LCK,Ziggs,1,21,0.047619047619047616
2026-W19,LCS,Ashe,4,9,0.4444444444444444
2026-W19,LCS,Ezreal,4,9,0.4444444444444444
2026-W19,LCS,Rumble,4,9,0.4444444444444444
2026-W19,LCS,Seraphine,4,9,0.4444444444444444
2026-W19,LCS,Jarvan IV,3,9,0.3333333333333333
2026-W19,LCS,Nami,3,9,0.3333333333333333
2026-W19,LCS,Ryze,3,9,0.3333333333333333
2026-W19,LCS,Vi,3,9,0.3333333333333333
2026-W19,LCS,Xin Zhao,3,9,0.3333333333333333
2026-W19,LCS,Aurora,2,9,0.2222222222222222
2026-W19,LCS,Bard,2,9,0.2222222222222222
2026-W19,LCS,Caitlyn,2,9,0.2222222222222222
2026-W19,LCS,Cassiopeia,2,9,0.2222222222222222
2026-W19,LCS,Corki,2,9,0.2222222222222222
2026-W19,LCS,Dr. Mundo,2,9,0.2222222222222222
2026-W19,LCS,Jayce,2,9,0.2222222222222222
2026-W19,LCS,K'Sante,2,9,0.2222222222222222
2026-W19,LCS,Karma,2,9,0.2222222222222222
2026-W19,LCS,Lucian,2,9,0.2222222222222222
2026-W19,LCS,Lulu,2,9,0.2222222222222222
2026-W19,LCS,Milio,2,9,0.2222222222222222
2026-W19,LCS,Neeko,2,9,0.2222222222222222
2026-W19,LCS,Ornn,2,9,0.2222222222222222
2026-W19,LCS,Shen,2,9,0.2222222222222222
2026-W19,LCS,Sion,2,9,0.2222222222222222
2026-W19,LCS,Skarner,2,9,0.2222222222222222
2026-W19,LCS,Taliyah,2,9,0.2222222222222222
2026-W19,LCS,Twisted Fate,2,9,0.2222222222222222
2026-W19,LCS,Viktor,2,9,0.2222222222222222
2026-W19,LCS,Ahri,1,9,0.1111111111111111
2026-W19,LCS,Akali,1,9,0.1111111111111111
2026-W19,LCS,Anivia,1,9,0.1111111111111111
2026-W19,LCS,Annie,1,9,0.1111111111111111
2026-W19,LCS,Gnar,1,9,0.1111111111111111
2026-W19,LCS,Gragas,1,9,0.1111111111111111
2026-W19,LCS,Hwei,1,9,0.1111111111111111
2026-W19,LCS,Jhin,1,9,0.1111111111111111
2026-W19,LCS,Naafiri,1,9,0.1111111111111111
2026-W19,LCS,Nautilus,1,9,0.1111111111111111
2026-W19,LCS,Orianna,1,9,0.1111111111111111
2026-W19,LCS,Pantheon,1,9,0.1111111111111111
2026-W19,LCS,Poppy,1,9,0.1111111111111111
2026-W19,LCS,Renekton,1,9,0.1111111111111111
2026-W19,LCS,Sejuani,1,9,0.1111111111111111
2026-W19,LCS,Senna,1,9,0.1111111111111111
2026-W19,LCS,Smolder,1,9,0.1111111111111111
2026-W19,LCS,Yone,1,9,0.1111111111111111
2026-W19,LCS,Yunara,1,9,0.1111111111111111
2026-W19,LEC,Ezreal,8,21,0.38095238095238093
2026-W19,LEC,Gnar,7,21,0.3333333333333333
2026-W19,LEC,Pantheon,7,21,0.3333333333333333
2026-W19,LEC,Skarner,7,21,0.3333333333333333
2026-W19,LEC,Azir,6,21,0.2857142857142857
2026-W19,LEC,Bard,6,21,0.2857142857142857
2026-W19,LEC,Karma,6,21,0.2857142857142857
2026-W19,LEC,Caitlyn,5,21,0.23809523809523808
2026-W19,LEC,Kai'Sa,5,21,0.23809523809523808
2026-W19,LEC,Lulu,5,21,0.23809523809523808
2026-W19,LEC,Rumble,5,21,0.23809523809523808
2026-W19,LEC,Ryze,5,21,0.23809523809523808
2026-W19,LEC,Seraphine,5,21,0.23809523809523808
2026-W19,LEC,Vi,5,21,0.23809523809523808
2026-W19,LEC,Xin Zhao,5,21,0.23809523809523808
2026-W19,LEC,Anivia,4,21,0.19047619047619047
2026-W19,LEC,Ashe,4,21,0.19047619047619047
2026-W19,LEC,Aurora,4,21,0.19047619047619047
2026-W19,LEC,Jarvan IV,4,21,0.19047619047619047
2026-W19,LEC,Lucian,4,21,0.19047619047619047
2026-W19,LEC,Nami,4,21,0.19047619047619047
2026-W19,LEC,Nocturne,4,21,0.19047619047619047
2026-W19,LEC,Renekton,4,21,0.19047619047619047
2026-W19,LEC,Viktor,4,21,0.19047619047619047
2026-W19,LEC,Ahri,3,21,0.14285714285714285
2026-W19,LEC,Annie,3,21,0.14285714285714285
2026-W19,LEC,LeBlanc,3,21,0.14285714285714285
2026-W19,LEC,Milio,3,21,0.14285714285714285
2026-W19,LEC,Naafiri,3,21,0.14285714285714285
2026-W19,LEC,Nautilus,3,21,0.14285714285714285
2026-W19,LEC,Neeko,3,21,0.14285714285714285
2026-W19,LEC,Ornn,3,21,0.14285714285714285
2026-W19,LEC,Sivir,3,21,0.14285714285714285
2026-W19,LEC,Taliyah,3,21,0.14285714285714285
2026-W19,LEC,Varus,3,21,0.14285714285714285
2026-W19,LEC,Zeri,3,21,0.14285714285714285
2026-W19,LEC,Akali,2,21,0.09523809523809523
2026-W19,LEC,Corki,2,21,0.09523809523809523
2026-W19,LEC,Galio,2,21,0.09523809523809523
2026-W19,LEC,Jayce,2,21,0.09523809523809523
2026-W19,LEC,Jhin,2,21,0.09523809523809523
2026-W19,LEC,K'Sante,2,21,0.09523809523809523
2026-W19,LEC,Kalista,2,21,0.09523809523809523
2026-W19,LEC,Rakan,2,21,0.09523809523809523
2026-W19,LEC,Rell,2,21,0.09523809523809523
2026-W19,LEC,Renata Glasc,2,21,0.09523809523809523
2026-W19,LEC,Shyvana,2,21,0.09523809523809523
2026-W19,LEC,Sion,2,21,0.09523809523809523
2026-W19,LEC,Sylas,2,21,0.09523809523809523
2026-W19,LEC,Wukong,2,21,0.09523809523809523
2026-W19,LEC,Yunara,2,21,0.09523809523809523
2026-W19,LEC,Aatrox,1,21,0.047619047619047616
2026-W19,LEC,Brand,1,21,0.047619047619047616
2026-W19,LEC,Braum,1,21,0.047619047619047616
2026-W19,LEC,Cassiopeia,1,21,0.047619047619047616
2026-W19,LEC,Dr. Mundo,1,21,0.047619047619047616
2026-W19,LEC,Irelia,1,21,0.047619047619047616
2026-W19,LEC,Jax,1,21,0.047619047619047616
2026-W19,LEC,Kha'Zix,1,21,0.047619047619047616
2026-W19,LEC,Kled,1,21,0.047619047619047616
2026-W19,LEC,Lee Sin,1,21,0.047619047619047616
2026-W19,LEC,Lissandra,1,21,0.047619047619047616
2026-W19,LEC,Miss Fortune,1,21,0.047619047619047616
2026-W19,LEC,Olaf,1,21,0.047619047619047616
2026-W19,LEC,Orianna,1,21,0.047619047619047616
2026-W19,LEC,Shen,1,21,0.047619047619047616
2026-W19,LEC,Syndra,1,21,0.047619047619047616
2026-W19,LEC,Trundle,1,21,0.047619047619047616
2026-W19,LEC,Twisted Fate,1,21,0.047619047619047616
2026-W19,LEC,Vayne,1,21,0.047619047619047616
2026-W19,LEC,Xayah,1,21,0.047619047619047616
2026-W19,LEC,Yone,1,21,0.047619047619047616
2026-W19,LPL,Annie,9,25,0.36
2026-W19,LPL,Bard,9,25,0.36
2026-W19,LPL,Jhin,9,25,0.36
2026-W19,LPL,Ryze,9,25,0.36
2026-W19,LPL,Ezreal,8,25,0.32
2026-W19,LPL,Sion,8,25,0.32
2026-W19,LPL,Karma,7,25,0.28
2026-W19,LPL,Pantheon,7,25,0.28
2026-W19,LPL,Jarvan IV,6,25,0.24
2026-W19,LPL,Lucian,6,25,0.24
2026-W19,LPL,Milio,6,25,0.24
2026-W19,LPL,Vi,6,25,0.24
2026-W19,LPL,Xin Zhao,6,25,0.24
2026-W19,LPL,Cassiopeia,5,25,0.2
2026-W19,LPL,Corki,5,25,0.2
2026-W19,LPL,Jayce,5,25,0.2
2026-W19,LPL,K'Sante,5,25,0.2
2026-W19,LPL,Lee Sin,5,25,0.2
2026-W19,LPL,Lulu,5,25,0.2
2026-W19,LPL,Nocturne,5,25,0.2
2026-W19,LPL,Seraphine,5,25,0.2
2026-W19,LPL,Yunara,5,25,0.2
2026-W19,LPL,Ambessa,4,25,0.16
2026-W19,LPL,Ashe,4,25,0.16
2026-W19,LPL,Aurora,4,25,0.16
2026-W19,LPL,Azir,4,25,0.16
2026-W19,LPL,Gnar,4,25,0.16
2026-W19,LPL,Nami,4,25,0.16
2026-W19,LPL,Renekton,4,25,0.16
2026-W19,LPL,Rumble,4,25,0.16
2026-W19,LPL,Trundle,4,25,0.16
2026-W19,LPL,Ahri,3,25,0.12
2026-W19,LPL,Akali,3,25,0.12
2026-W19,LPL,Caitlyn,3,25,0.12
2026-W19,LPL,Gwen,3,25,0.12
2026-W19,LPL,Miss Fortune,3,25,0.12
2026-W19,LPL,Naafiri,3,25,0.12
2026-W19,LPL,Neeko,3,25,0.12
2026-W19,LPL,Orianna,3,25,0.12
2026-W19,LPL,Sivir,3,25,0.12
2026-W19,LPL,Skarner,3,25,0.12
2026-W19,LPL,Varus,3,25,0.12
2026-W19,LPL,Vayne,3,25,0.12
2026-W19,LPL,Viktor,3,25,0.12
2026-W19,LPL,Alistar,2,25,0.08
2026-W19,LPL,Anivia,2,25,0.08
2026-W19,LPL,Elise,2,25,0.08
2026-W19,LPL,Mel,2,25,0.08
2026-W19,LPL,Nautilus,2,25,0.08
2026-W19,LPL,Yone,2,25,0.08
2026-W19,LPL,Yorick,2,25,0.08
2026-W19,LPL,Aatrox,1,25,0.04
2026-W19,LPL,Braum,1,25,0.04
2026-W19,LPL,Hwei,1,25,0.04
2026-W19,LPL,Jax,1,25,0.04
2026-W19,LPL,Kai'Sa,1,25,0.04
2026-W19,LPL,LeBlanc,1,25,0.04
2026-W19,LPL,Malphite,1,25,0.04
2026-W19,LPL,Maokai,1,25,0.04
2026-W19,LPL,Olaf,1,25,0.04
2026-W19,LPL,Pyke,1,25,0.04
2026-W19,LPL,Qiyana,1,25,0.04
2026-W19,LPL,Rakan,1,25,0.04
2026-W19,LPL,Senna,1,25,0.04
2026-W19,LPL,Shyvana,1,25,0.04
2026-W19,LPL,Sylas,1,25,0.04
2026-W19,LPL,Twisted Fate,1,25,0.04
2026-W19,LPL,Udyr,1,25,0.04
2026-W19,LPL,Wukong,1,25,0.04
2026-W19,LPL,Yuumi,1,25,0.04
2026-W19,LPL,Zeri,1,25,0.04
2026-W20,LCK,Cassiopeia,9,24,0.375
2026-W20,LCK,Jarvan IV,9,24,0.375
2026-W20,LCK,Sion,9,24,0.375
2026-W20,LCK,Ryze,8,24,0.3333333333333333
2026-W20,LCK,Ashe,7,24,0.2916666666666667
2026-W20,LCK,Ezreal,7,24,0.2916666666666667
2026-W20,LCK,Karma,7,24,0.2916666666666667
2026-W20,LCK,Seraphine,7,24,0.2916666666666667
2026-W20,LCK,Xin Zhao,7,24,0.2916666666666667
2026-W20,LCK,Caitlyn,6,24,0.25
2026-W20,LCK,Jayce,6,24,0.25
2026-W20,LCK,Lulu,6,24,0.25
2026-W20,LCK,Milio,6,24,0.25
2026-W20,LCK,Nami,6,24,0.25
2026-W20,LCK,Pantheon,6,24,0.25
2026-W20,LCK,Renekton,6,24,0.25
2026-W20,LCK,Vi,6,24,0.25
2026-W20,LCK,Corki,5,24,0.20833333333333334
2026-W20,LCK,Gnar,5,24,0.20833333333333334
2026-W20,LCK,Jhin,5,24,0.20833333333333334
2026-W20,LCK,K'Sante,5,24,0.20833333333333334
2026-W20,LCK,Lee Sin,5,24,0.20833333333333334
2026-W20,LCK,Lucian,5,24,0.20833333333333334
2026-W20,LCK,Neeko,5,24,0.20833333333333334
2026-W20,LCK,Nocturne,5,24,0.20833333333333334
2026-W20,LCK,Taliyah,5,24,0.20833333333333334
2026-W20,LCK,Yunara,5,24,0.20833333333333334
2026-W20,LCK,Annie,4,24,0.16666666666666666
2026-W20,LCK,Viktor,4,24,0.16666666666666666
2026-W20,LCK,Akali,3,24,0.125
2026-W20,LCK,Lux,3,24,0.125
2026-W20,LCK,Skarner,3,24,0.125
2026-W20,LCK,Twisted Fate,3,24,0.125
2026-W20,LCK,Wukong,3,24,0.125
2026-W20,LCK,Yorick,3,24,0.125
2026-W20,LCK,Zaahen,3,24,0.125
2026-W20,LCK,Ambessa,2,24,0.08333333333333333
2026-W20,LCK,Anivia,2,24,0.08333333333333333
2026-W20,LCK,Aurora,2,24,0.08333333333333333
2026-W20,LCK,Azir,2,24,0.08333333333333333
2026-W20,LCK,Bard,2,24,0.08333333333333333
2026-W20,LCK,Miss Fortune,2,24,0.08333333333333333
2026-W20,LCK,Naafiri,2,24,0.08333333333333333
2026-W20,LCK,Nautilus,2,24,0.08333333333333333
2026-W20,LCK,Olaf,2,24,0.08333333333333333
2026-W20,LCK,Orianna,2,24,0.08333333333333333
2026-W20,LCK,Poppy,2,24,0.08333333333333333
2026-W20,LCK,Rumble,2,24,0.08333333333333333
2026-W20,LCK,Sivir,2,24,0.08333333333333333
2026-W20,LCK,Alistar,1,24,0.041666666666666664
2026-W20,LCK,Camille,1,24,0.041666666666666664
2026-W20,LCK,Draven,1,24,0.041666666666666664
2026-W20,LCK,Elise,1,24,0.041666666666666664
2026-W20,LCK,Galio,1,24,0.041666666666666664
2026-W20,LCK,Gwen,1,24,0.041666666666666664
2026-W20,LCK,Hwei,1,24,0.041666666666666664
2026-W20,LCK,Irelia,1,24,0.041666666666666664
2026-W20,LCK,Kennen,1,24,0.041666666666666664
2026-W20,LCK,Kog'Maw,1,24,0.041666666666666664
2026-W20,LCK,Mel,1,24,0.041666666666666664
2026-W20,LCK,Ornn,1,24,0.041666666666666664
2026-W20,LCK,Pyke,1,24,0.041666666666666664
2026-W20,LCK,Sylas,1,24,0.041666666666666664
2026-W20,LCK,Vayne,1,24,0.041666666666666664
2026-W20,LCK,Ziggs,1,24,0.041666666666666664
2026-W20,LCK,Zyra,1,24,0.041666666666666664
2026-W20,LCS,Anivia,4,10,0.4
2026-W20,LCS,Annie,4,10,0.4
2026-W20,LCS,Caitlyn,4,10,0.4
2026-W20,LCS,Sion,4,10,0.4
2026-W20,LCS,Ashe,3,10,0.3
2026-W20,LCS,Jarvan IV,3,10,0.3
2026-W20,LCS,Lucian,3,10,0.3
2026-W20,LCS,Milio,3,10,0.3
2026-W20,LCS,Neeko,3,10,0.3
2026-W20,LCS,Nocturne,3,10,0.3
2026-W20,LCS,Rumble,3,10,0.3
2026-W20,LCS,Seraphine,3,10,0.3
2026-W20,LCS,Aurora,2,10,0.2
2026-W20,LCS,Bard,2,10,0.2
2026-W20,LCS,Corki,2,10,0.2
2026-W20,LCS,Ezreal,2,10,0.2
2026-W20,LCS,Jayce,2,10,0.2
2026-W20,LCS,K'Sante,2,10,0.2
2026-W20,LCS,Nami,2,10,0.2
2026-W20,LCS,Nautilus,2,10,0.2
2026-W20,LCS,Pantheon,2,10,0.2
2026-W20,LCS,Rakan,2,10,0.2
2026-W20,LCS,Renekton,2,10,0.2
2026-W20,LCS,Ryze,2,10,0.2
2026-W20,LCS,Sejuani,2,10,0.2
2026-W20,LCS,Sylas,2,10,0.2
2026-W20,LCS,Twisted Fate,2,10,0.2
2026-W20,LCS,Varus,2,10,0.2
2026-W20,LCS,Vi,2,10,0.2
2026-W20,LCS,Viktor,2,10,0.2
2026-W20,LCS,Xin Zhao,2,10,0.2
2026-W20,LCS,Yone,2,10,0.2
2026-W20,LCS,Ambessa,1,10,0.1
2026-W20,LCS,Aphelios,1,10,0.1
2026-W20,LCS,Cassiopeia,1,10,0.1
2026-W20,LCS,Hwei,1,10,0.1
2026-W20,LCS,Jax,1,10,0.1
2026-W20,LCS,Karma,1,10,0.1
2026-W20,LCS,Lulu,1,10,0.1
2026-W20,LCS,Lux,1,10,0.1
2026-W20,LCS,Naafiri,1,10,0.1
2026-W20,LCS,Nasus,1,10,0.1
2026-W20,LCS,Olaf,1,10,0.1
2026-W20,LCS,Orianna,1,10,0.1
2026-W20,LCS,Ornn,1,10,0.1
2026-W20,LCS,Senna,1,10,0.1
2026-W20,LCS,Shen,1,10,0.1
2026-W20,LCS,Skarner,1,10,0.1
2026-W20,LCS,Wukong,1,10,0.1
2026-W20,LCS,Xayah,1,10,0.1
2026-W20,LCS,Yorick,1,10,0.1
2026-W20,LCS,Yunara,1,10,0.1
2026-W20,LPL,Ryze,12,32,0.375
2026-W20,LPL,Cassiopeia,10,32,0.3125
2026-W20,LPL,Gnar,10,32,0.3125
2026-W20,LPL,Lucian,10,32,0.3125
2026-W20,LPL,Milio,10,32,0.3125
2026-W20,LPL,Vi,10,32,0.3125
2026-W20,LPL,Corki,9,32,0.28125
2026-W20,LPL,Ezreal,9,32,0.28125
2026-W20,LPL,Pantheon,9,32,0.28125
2026-W20,LPL,Bard,8,32,0.25
2026-W20,LPL,Jayce,8,32,0.25
2026-W20,LPL,K'Sante,8,32,0.25
2026-W20,LPL,Rumble,8,32,0.25
2026-W20,LPL,Xin Zhao,8,32,0.25
2026-W20,LPL,Annie,7,32,0.21875
2026-W20,LPL,Jhin,7,32,0.21875
2026-W20,LPL,Karma,7,32,0.21875
2026-W20,LPL,Lulu,7,32,0.21875
2026-W20,LPL,Naafiri,7,32,0.21875
2026-W20,LPL,Nami,7,32,0.21875
2026-W20,LPL,Twisted Fate,7,32,0.21875
2026-W20,LPL,Caitlyn,6,32,0.1875
2026-W20,LPL,Nautilus,6,32,0.1875
2026-W20,LPL,Seraphine,6,32,0.1875
2026-W20,LPL,Yunara,6,32,0.1875
2026-W20,LPL,Akali,5,32,0.15625
2026-W20,LPL,Ambessa,5,32,0.15625
2026-W20,LPL,Jarvan IV,5,32,0.15625
2026-W20,LPL,Lee Sin,5,32,0.15625
2026-W20,LPL,Neeko,5,32,0.15625
2026-W20,LPL,Renekton,5,32,0.15625
2026-W20,LPL,Sion,5,32,0.15625
2026-W20,LPL,Anivia,4,32,0.125
2026-W20,LPL,Ashe,4,32,0.125
2026-W20,LPL,Azir,4,32,0.125
2026-W20,LPL,Sivir,4,32,0.125
2026-W20,LPL,Taliyah,4,32,0.125
2026-W20,LPL,Trundle,4,32,0.125
2026-W20,LPL,Wukong,4,32,0.125
2026-W20,LPL,Yorick,4,32,0.125
2026-W20,LPL,Aurora,3,32,0.09375
2026-W20,LPL,Nocturne,3,32,0.09375
2026-W20,LPL,Orianna,3,32,0.09375
2026-W20,LPL,Skarner,3,32,0.09375
2026-W20,LPL,Viktor,3,32,0.09375
2026-W20,LPL,Alistar,2,32,0.0625
2026-W20,LPL,Gragas,2,32,0.0625
2026-W20,LPL,LeBlanc,2,32,0.0625
2026-W20,LPL,Miss Fortune,2,32,0.0625
2026-W20,LPL,Senna,2,32,0.0625
2026-W20,LPL,Shen,2,32,0.0625
2026-W20,LPL,Vayne,2,32,0.0625
2026-W20,LPL,Yone,2,32,0.0625
2026-W20,LPL,Ziggs,2,32,0.0625
2026-W20,LPL,Galio,1,32,0.03125
2026-W20,LPL,Jax,1,32,0.03125
2026-W20,LPL,Kog'Maw,1,32,0.03125
2026-W20,LPL,Lux,1,32,0.03125
2026-W20,LPL,Malphite,1,32,0.03125
2026-W20,LPL,Maokai,1,32,0.03125
2026-W20,LPL,Poppy,1,32,0.03125
2026-W20,LPL,Pyke,1,32,0.03125
2026-W20,LPL,Qiyana,1,32,0.03125
2026-W20,LPL,Rakan,1,32,0.03125
2026-W20,LPL,Rell,1,32,0.03125
2026-W20,LPL,Shyvana,1,32,0.03125
2026-W20,LPL,Sylas,1,32,0.03125
2026-W20,LPL,Tristana,1,32,0.03125
2026-W20,LPL,Xayah,1,32,0.03125
2026-W20,LPL,Yuumi,1,32,0.03125
2026-W20,LPL,Zaahen,1,32,0.03125
2026-W20,LPL,Zeri,1,32,0.03125
2026-W21,LCK,Lucian,8,25,0.32
2026-W21,LCK,Milio,8,25,0.32
2026-W21,LCK,Rumble,8,25,0.32
2026-W21,LCK,Ryze,8,25,0.32
2026-W21,LCK,Xin Zhao,8,25,0.32
2026-W21,LCK,Ashe,7,25,0.28
2026-W21,LCK,Karma,7,25,0.28
2026-W21,LCK,Lee Sin,7,25,0.28
2026-W21,LCK,Nautilus,7,25,0.28
2026-W21,LCK,Pantheon,7,25,0.28
2026-W21,LCK,Sion,7,25,0.28
2026-W21,LCK,Ambessa,6,25,0.24
2026-W21,LCK,Ezreal,6,25,0.24
2026-W21,LCK,Seraphine,6,25,0.24
2026-W21,LCK,Anivia,5,25,0.2
2026-W21,LCK,Annie,5,25,0.2
2026-W21,LCK,Bard,5,25,0.2
2026-W21,LCK,Caitlyn,5,25,0.2
2026-W21,LCK,Jarvan IV,5,25,0.2
2026-W21,LCK,Jayce,5,25,0.2
2026-W21,LCK,Jhin,5,25,0.2
2026-W21,LCK,Miss Fortune,5,25,0.2
2026-W21,LCK,Naafiri,5,25,0.2
2026-W21,LCK,Skarner,5,25,0.2
2026-W21,LCK,Viktor,5,25,0.2
2026-W21,LCK,Yorick,5,25,0.2
2026-W21,LCK,Cassiopeia,4,25,0.16
2026-W21,LCK,Gnar,4,25,0.16
2026-W21,LCK,K'Sante,4,25,0.16
2026-W21,LCK,Nami,4,25,0.16
2026-W21,LCK,Sivir,4,25,0.16
2026-W21,LCK,Twisted Fate,4,25,0.16
2026-W21,LCK,Vi,4,25,0.16
2026-W21,LCK,Wukong,4,25,0.16
2026-W21,LCK,Yunara,4,25,0.16
2026-W21,LCK,Ahri,3,25,0.12
2026-W21,LCK,Aurora,3,25,0.12
2026-W21,LCK,Corki,3,25,0.12
2026-W21,LCK,Lulu,3,25,0.12
2026-W21,LCK,Orianna,3,25,0.12
2026-W21,LCK,Pyke,3,25,0.12
2026-W21,LCK,Renekton,3,25,0.12
2026-W21,LCK,Taliyah,3,25,0.12
2026-W21,LCK,Trundle,3,25,0.12
2026-W21,LCK,Akali,2,25,0.08
2026-W21,LCK,Galio,2,25,0.08
2026-W21,LCK,Lux,2,25,0.08
2026-W21,LCK,Vayne,2,25,0.08
2026-W21,LCK,Yone,2,25,0.08
2026-W21,LCK,Ziggs,2,25,0.08
2026-W21,LCK,Alistar,1,25,0.04
2026-W21,LCK,Illaoi,1,25,0.04
2026-W21,LCK,Jax,1,25,0.04
2026-W21,LCK,Kalista,1,25,0.04
2026-W21,LCK,Kog'Maw,1,25,0.04
2026-W21,LCK,LeBlanc,1,25,0.04
2026-W21,LCK,Leona,1,25,0.04
2026-W21,LCK,Maokai,1,25,0.04
2026-W21,LCK,Mel,1,25,0.04
2026-W21,LCK,Neeko,1,25,0.04
2026-W21,LCK,Nocturne,1,25,0.04
2026-W21,LCK,Poppy,1,25,0.04
2026-W21,LCK,Tahm Kench,1,25,0.04
2026-W21,LCK,Varus,1,25,0.04
2026-W21,LCK,Zaahen,1,25,0.04
2026-W21,LCS,Ambessa,2,10,0.2
2026-W21,LCS,Annie,2,10,0.2
2026-W21,LCS,Aurora,2,10,0.2
2026-W21,LCS,Bard,2,10,0.2
2026-W21,LCS,Caitlyn,2,10,0.2
2026-W21,LCS,Cassiopeia,2,10,0.2
2026-W21,LCS,Corki,2,10,0.2
2026-W21,LCS,Ezreal,2,10,0.2
2026-W21,LCS,Gnar,2,10,0.2
2026-W21,LCS,Jarvan IV,2,10,0.2
2026-W21,LCS,Jayce,2,10,0.2
2026-W21,LCS,Jhin,2,10,0.2
2026-W21,LCS,Karma,2,10,0.2
2026-W21,LCS,Lee Sin,2,10,0.2
2026-W21,LCS,Lucian,2,10,0.2
2026-W21,LCS,Milio,2,10,0.2
2026-W21,LCS,Naafiri,2,10,0.2
2026-W21,LCS,Nami,2,10,0.2
2026-W21,LCS,Nautilus,2,10,0.2
2026-W21,LCS,Renekton,2,10,0.2
2026-W21,LCS,Rumble,2,10,0.2
2026-W21,LCS,Ryze,2,10,0.2
2026-W21,LCS,Sejuani,2,10,0.2
2026-W21,LCS,Senna,2,10,0.2
2026-W21,LCS,Sion,2,10,0.2
2026-W21,LCS,Sylas,2,10,0.2
2026-W21,LCS,Taliyah,2,10,0.2
2026-W21,LCS,Twisted Fate,2,10,0.2
2026-W21,LCS,Wukong,2,10,0.2
2026-W21,LCS,Xin Zhao,2,10,0.2
2026-W21,LCS,Akali,1,10,0.1
2026-W21,LCS,Alistar,1,10,0.1
2026-W21,LCS,Anivia,1,10,0.1
2026-W21,LCS,Aphelios,1,10,0.1
2026-W21,LCS,Ashe,1,10,0.1
2026-W21,LCS,Azir,1,10,0.1
2026-W21,LCS,Braum,1,10,0.1
2026-W21,LCS,Dr. Mundo,1,10,0.1
2026-W21,LCS,Hwei,1,10,0.1
2026-W21,LCS,Jax,1,10,0.1
2026-W21,LCS,Jinx,1,10,0.1
2026-W21,LCS,K'Sante,1,10,0.1
2026-W21,LCS,Kalista,1,10,0.1
2026-W21,LCS,Lulu,1,10,0.1
2026-W21,LCS,Malphite,1,10,0.1
2026-W21,LCS,Mel,1,10,0.1
2026-W21,LCS,Neeko,1,10,0.1
2026-W21,LCS,Nocturne,1,10,0.1
2026-W21,LCS,Orianna,1,10,0.1
2026-W21,LCS,Ornn,1,10,0.1
2026-W21,LCS,Pantheon,1,10,0.1
2026-W21,LCS,Poppy,1,10,0.1
2026-W21,LCS,Quinn,1,10,0.1
2026-W21,LCS,Rakan,1,10,0.1
2026-W21,LCS,Rek'Sai,1,10,0.1
2026-W21,LCS,Rell,1,10,0.1
2026-W21,LCS,Renata Glasc,1,10,0.1
2026-W21,LCS,Seraphine,1,10,0.1
2026-W21,LCS,Shen,1,10,0.1
2026-W21,LCS,Shyvana,1,10,0.1
2026-W21,LCS,Sivir,1,10,0.1
2026-W21,LCS,Smolder,1,10,0.1
2026-W21,LCS,Sona,1,10,0.1
2026-W21,LCS,Swain,1,10,0.1
2026-W21,LCS,Trundle,1,10,0.1
2026-W21,LCS,Vi,1,10,0.1
2026-W21,LCS,Viktor,1,10,0.1
2026-W21,LCS,Yone,1,10,0.1
2026-W21,LCS,Yorick,1,10,0.1
2026-W21,LCS,Yunara,1,10,0.1
2026-W21,LEC,Anivia,2,7,0.2857142857142857
2026-W21,LEC,Annie,2,7,0.2857142857142857
2026-W21,LEC,Ashe,2,7,0.2857142857142857
2026-W21,LEC,Cassiopeia,2,7,0.2857142857142857
2026-W21,LEC,Ezreal,2,7,0.2857142857142857
2026-W21,LEC,Gragas,2,7,0.2857142857142857
2026-W21,LEC,Lee Sin,2,7,0.2857142857142857
2026-W21,LEC,Miss Fortune,2,7,0.2857142857142857
2026-W21,LEC,Nami,2,7,0.2857142857142857
2026-W21,LEC,Neeko,2,7,0.2857142857142857
2026-W21,LEC,Rakan,2,7,0.2857142857142857
2026-W21,LEC,Rumble,2,7,0.2857142857142857
2026-W21,LEC,Ryze,2,7,0.2857142857142857
2026-W21,LEC,Seraphine,2,7,0.2857142857142857
2026-W21,LEC,Taliyah,2,7,0.2857142857142857
2026-W21,LEC,Varus,2,7,0.2857142857142857
2026-W21,LEC,Vi,2,7,0.2857142857142857
2026-W21,LEC,Wukong,2,7,0.2857142857142857
2026-W21,LEC,Xin Zhao,2,7,0.2857142857142857
2026-W21,LEC,Aatrox,1,7,0.14285714285714285
2026-W21,LEC,Ahri,1,7,0.14285714285714285
2026-W21,LEC,Akali,1,7,0.14285714285714285
2026-W21,LEC,Alistar,1,7,0.14285714285714285
2026-W21,LEC,Ambessa,1,7,0.14285714285714285
2026-W21,LEC,Azir,1,7,0.14285714285714285
2026-W21,LEC,Bard,1,7,0.14285714285714285
2026-W21,LEC,Brand,1,7,0.14285714285714285
2026-W21,LEC,Caitlyn,1,7,0.14285714285714285
2026-W21,LEC,Corki,1,7,0.14285714285714285
2026-W21,LEC,Galio,1,7,0.14285714285714285
2026-W21,LEC,Gnar,1,7,0.14285714285714285
2026-W21,LEC,Jayce,1,7,0.14285714285714285
2026-W21,LEC,Jhin,1,7,0.14285714285714285
2026-W21,LEC,Karma,1,7,0.14285714285714285
2026-W21,LEC,LeBlanc,1,7,0.14285714285714285
2026-W21,LEC,Lucian,1,7,0.14285714285714285
2026-W21,LEC,Lulu,1,7,0.14285714285714285
2026-W21,LEC,Milio,1,7,0.14285714285714285
2026-W21,LEC,Naafiri,1,7,0.14285714285714285
2026-W21,LEC,Nautilus,1,7,0.14285714285714285
2026-W21,LEC,Nocturne,1,7,0.14285714285714285
2026-W21,LEC,Olaf,1,7,0.14285714285714285
2026-W21,LEC,Renekton,1,7,0.14285714285714285
2026-W21,LEC,Skarner,1,7,0.14285714285714285
2026-W21,LEC,Smolder,1,7,0.14285714285714285
2026-W21,LEC,Syndra,1,7,0.14285714285714285
2026-W21,LEC,Trundle,1,7,0.14285714285714285
2026-W21,LEC,Twisted Fate,1,7,0.14285714285714285
2026-W21,LEC,Xayah,1,7,0.14285714285714285
2026-W21,LEC,Yone,1,7,0.14285714285714285
2026-W21,LEC,Yunara,1,7,0.14285714285714285
2026-W21,LPL,Ambessa,4,18,0.2222222222222222
2026-W21,LPL,Annie,4,18,0.2222222222222222
2026-W21,LPL,Ashe,4,18,0.2222222222222222
2026-W21,LPL,Ezreal,4,18,0.2222222222222222
2026-W21,LPL,Jarvan IV,4,18,0.2222222222222222
2026-W21,LPL,Jayce,4,18,0.2222222222222222
2026-W21,LPL,K'Sante,4,18,0.2222222222222222
2026-W21,LPL,Lee Sin,4,18,0.2222222222222222
2026-W21,LPL,Naafiri,4,18,0.2222222222222222
2026-W21,LPL,Nami,4,18,0.2222222222222222
2026-W21,LPL,Nautilus,4,18,0.2222222222222222
2026-W21,LPL,Rumble,4,18,0.2222222222222222
2026-W21,LPL,Ryze,4,18,0.2222222222222222
2026-W21,LPL,Seraphine,4,18,0.2222222222222222
2026-W21,LPL,Sion,4,18,0.2222222222222222
2026-W21,LPL,Trundle,4,18,0.2222222222222222
2026-W21,LPL,Ahri,3,18,0.16666666666666666
2026-W21,LPL,Akali,3,18,0.16666666666666666
2026-W21,LPL,Aurora,3,18,0.16666666666666666
2026-W21,LPL,Bard,3,18,0.16666666666666666
2026-W21,LPL,Caitlyn,3,18,0.16666666666666666
2026-W21,LPL,Corki,3,18,0.16666666666666666
2026-W21,LPL,Gnar,3,18,0.16666666666666666
2026-W21,LPL,Jhin,3,18,0.16666666666666666
2026-W21,LPL,Lucian,3,18,0.16666666666666666
2026-W21,LPL,Lulu,3,18,0.16666666666666666
2026-W21,LPL,Maokai,3,18,0.16666666666666666
2026-W21,LPL,Milio,3,18,0.16666666666666666
2026-W21,LPL,Renekton,3,18,0.16666666666666666
2026-W21,LPL,Varus,3,18,0.16666666666666666
2026-W21,LPL,Vi,3,18,0.16666666666666666
2026-W21,LPL,Wukong,3,18,0.16666666666666666
2026-W21,LPL,Xin Zhao,3,18,0.16666666666666666
2026-W21,LPL,Yunara,3,18,0.16666666666666666
2026-W21,LPL,Zaahen,3,18,0.16666666666666666
2026-W21,LPL,Cassiopeia,2,18,0.1111111111111111
2026-W21,LPL,Galio,2,18,0.1111111111111111
2026-W21,LPL,Karma,2,18,0.1111111111111111
2026-W21,LPL,Lux,2,18,0.1111111111111111
2026-W21,LPL,Miss Fortune,2,18,0.1111111111111111
2026-W21,LPL,Neeko,2,18,0.1111111111111111
2026-W21,LPL,Orianna,2,18,0.1111111111111111
2026-W21,LPL,Ornn,2,18,0.1111111111111111
2026-W21,LPL,Poppy,2,18,0.1111111111111111
2026-W21,LPL,Taliyah,2,18,0.1111111111111111
2026-W21,LPL,Thresh,2,18,0.1111111111111111
2026-W21,LPL,Tristana,2,18,0.1111111111111111
2026-W21,LPL,Twisted Fate,2,18,0.1111111111111111
2026-W21,LPL,Vayne,2,18,0.1111111111111111
2026-W21,LPL,Yorick,2,18,0.1111111111111111
2026-W21,LPL,Ziggs,2,18,0.1111111111111111
2026-W21,LPL,Aatrox,1,18,0.05555555555555555
2026-W21,LPL,Alistar,1,18,0.05555555555555555
2026-W21,LPL,Anivia,1,18,0.05555555555555555
2026-W21,LPL,Aphelios,1,18,0.05555555555555555
2026-W21,LPL,Braum,1,18,0.05555555555555555
2026-W21,LPL,Camille,1,18,0.05555555555555555
2026-W21,LPL,Draven,1,18,0.05555555555555555
2026-W21,LPL,Elise,1,18,0.05555555555555555
2026-W21,LPL,Jax,1,18,0.05555555555555555
2026-W21,LPL,Jinx,1,18,0.05555555555555555
2026-W21,LPL,Kalista,1,18,0.05555555555555555
2026-W21,LPL,Leona,1,18,0.05555555555555555
2026-W21,LPL,Malphite,1,18,0.05555555555555555
2026-W21,LPL,Mel,1,18,0.05555555555555555
2026-W21,LPL,Pantheon,1,18,0.05555555555555555
2026-W21,LPL,Rek'Sai,1,18,0.05555555555555555
2026-W21,LPL,Renata Glasc,1,18,0.05555555555555555
2026-W21,LPL,Senna,1,18,0.05555555555555555
2026-W21,LPL,Shyvana,1,18,0.05555555555555555
2026-W21,LPL,Sivir,1,18,0.05555555555555555
2026-W21,LPL,Skarner,1,18,0.05555555555555555
2026-W21,LPL,Smolder,1,18,0.05555555555555555
2026-W21,LPL,Sylas,1,18,0.05555555555555555
2026-W21,LPL,Viktor,1,18,0.05555555555555555
2026-W21,LPL,Yone,1,18,0.05555555555555555
2026-W21,LPL,Yuumi,1,18,0.05555555555555555
2026-W21,LPL,Zeri,1,18,0.05555555555555555
2026-W22,LCK,Ryze,10,24,0.4166666666666667
2026-W22,LCK,Rumble,9,24,0.375
2026-W22,LCK,Bard,8,24,0.3333333333333333
2026-W22,LCK,Nautilus,8,24,0.3333333333333333
2026-W22,LCK,Pantheon,8,24,0.3333333333333333
2026-W22,LCK,Caitlyn,7,24,0.2916666666666667
2026-W22,LCK,Karma,7,24,0.2916666666666667
2026-W22,LCK,Lee Sin,7,24,0.2916666666666667
2026-W22,LCK,Lucian,7,24,0.2916666666666667
2026-W22,LCK,Ezreal,6,24,0.25
2026-W22,LCK,Gnar,6,24,0.25
2026-W22,LCK,Jarvan IV,6,24,0.25
2026-W22,LCK,Jhin,6,24,0.25
2026-W22,LCK,Sion,6,24,0.25
2026-W22,LCK,Vi,6,24,0.25
2026-W22,LCK,Xin Zhao,6,24,0.25
2026-W22,LCK,Annie,5,24,0.20833333333333334
2026-W22,LCK,Aurora,5,24,0.20833333333333334
2026-W22,LCK,K'Sante,5,24,0.20833333333333334
2026-W22,LCK,Milio,5,24,0.20833333333333334
2026-W22,LCK,Taliyah,5,24,0.20833333333333334
2026-W22,LCK,Viktor,5,24,0.20833333333333334
2026-W22,LCK,Wukong,5,24,0.20833333333333334
2026-W22,LCK,Galio,4,24,0.16666666666666666
2026-W22,LCK,Mel,4,24,0.16666666666666666
2026-W22,LCK,Miss Fortune,4,24,0.16666666666666666
2026-W22,LCK,Naafiri,4,24,0.16666666666666666
2026-W22,LCK,Ahri,3,24,0.125
2026-W22,LCK,Anivia,3,24,0.125
2026-W22,LCK,Ashe,3,24,0.125
2026-W22,LCK,Jayce,3,24,0.125
2026-W22,LCK,Lulu,3,24,0.125
2026-W22,LCK,Neeko,3,24,0.125
2026-W22,LCK,Orianna,3,24,0.125
2026-W22,LCK,Rakan,3,24,0.125
2026-W22,LCK,Renekton,3,24,0.125
2026-W22,LCK,Seraphine,3,24,0.125
2026-W22,LCK,Xayah,3,24,0.125
2026-W22,LCK,Yorick,3,24,0.125
2026-W22,LCK,Yunara,3,24,0.125
2026-W22,LCK,Ambessa,2,24,0.08333333333333333
2026-W22,LCK,Braum,2,24,0.08333333333333333
2026-W22,LCK,Cassiopeia,2,24,0.08333333333333333
2026-W22,LCK,Nocturne,2,24,0.08333333333333333
2026-W22,LCK,Sivir,2,24,0.08333333333333333
2026-W22,LCK,Trundle,2,24,0.08333333333333333
2026-W22,LCK,Vayne,2,24,0.08333333333333333
2026-W22,LCK,Zaahen,2,24,0.08333333333333333
2026-W22,LCK,Ziggs,2,24,0.08333333333333333
2026-W22,LCK,Akali,1,24,0.041666666666666664
2026-W22,LCK,Alistar,1,24,0.041666666666666664
2026-W22,LCK,Azir,1,24,0.041666666666666664
2026-W22,LCK,Corki,1,24,0.041666666666666664
2026-W22,LCK,Gwen,1,24,0.041666666666666664
2026-W22,LCK,Jax,1,24,0.041666666666666664
2026-W22,LCK,LeBlanc,1,24,0.041666666666666664
2026-W22,LCK,Lux,1,24,0.041666666666666664
2026-W22,LCK,Nami,1,24,0.041666666666666664
2026-W22,LCK,Olaf,1,24,0.041666666666666664
2026-W22,LCK,Rell,1,24,0.041666666666666664
2026-W22,LCK,Senna,1,24,0.041666666666666664
2026-W22,LCK,Shen,1,24,0.041666666666666664
2026-W22,LCK,Skarner,1,24,0.041666666666666664
2026-W22,LCK,Sylas,1,24,0.041666666666666664
2026-W22,LCK,Tahm Kench,1,24,0.041666666666666664
2026-W22,LCK,Twisted Fate,1,24,0.041666666666666664
2026-W22,LCK,Yuumi,1,24,0.041666666666666664
2026-W22,LCK,Zeri,1,24,0.041666666666666664
2026-W22,LCS,Ashe,2,6,0.3333333333333333
2026-W22,LCS,Bard,2,6,0.3333333333333333
2026-W22,LCS,Ezreal,2,6,0.3333333333333333
2026-W22,LCS,Lucian,2,6,0.3333333333333333
2026-W22,LCS,Milio,2,6,0.3333333333333333
2026-W22,LCS,Naafiri,2,6,0.3333333333333333
2026-W22,LCS,Orianna,2,6,0.3333333333333333
2026-W22,LCS,Ornn,2,6,0.3333333333333333
2026-W22,LCS,Renekton,2,6,0.3333333333333333
2026-W22,LCS,Rumble,2,6,0.3333333333333333
2026-W22,LCS,Ryze,2,6,0.3333333333333333
2026-W22,LCS,Seraphine,2,6,0.3333333333333333
2026-W22,LCS,Shen,2,6,0.3333333333333333
2026-W22,LCS,Sion,2,6,0.3333333333333333
2026-W22,LCS,Akali,1,6,0.16666666666666666
2026-W22,LCS,Anivia,1,6,0.16666666666666666
2026-W22,LCS,Aurora,1,6,0.16666666666666666
2026-W22,LCS,Caitlyn,1,6,0.16666666666666666
2026-W22,LCS,Cassiopeia,1,6,0.16666666666666666
2026-W22,LCS,Galio,1,6,0.16666666666666666
2026-W22,LCS,Jarvan IV,1,6,0.16666666666666666
2026-W22,LCS,Jayce,1,6,0.16666666666666666
2026-W22,LCS,Jhin,1,6,0.16666666666666666
2026-W22,LCS,K'Sante,1,6,0.16666666666666666
2026-W22,LCS,Karma,1,6,0.16666666666666666
2026-W22,LCS,Kha'Zix,1,6,0.16666666666666666
2026-W22,LCS,Lee Sin,1,6,0.16666666666666666
2026-W22,LCS,Lulu,1,6,0.16666666666666666
2026-W22,LCS,Mel,1,6,0.16666666666666666
2026-W22,LCS,Miss Fortune,1,6,0.16666666666666666
2026-W22,LCS,Nautilus,1,6,0.16666666666666666
2026-W22,LCS,Neeko,1,6,0.16666666666666666
2026-W22,LCS,Nocturne,1,6,0.16666666666666666
2026-W22,LCS,Pantheon,1,6,0.16666666666666666
2026-W22,LCS,Pyke,1,6,0.16666666666666666
2026-W22,LCS,Rakan,1,6,0.16666666666666666
2026-W22,LCS,Sejuani,1,6,0.16666666666666666
2026-W22,LCS,Shyvana,1,6,0.16666666666666666
2026-W22,LCS,Skarner,1,6,0.16666666666666666
2026-W22,LCS,Twisted Fate,1,6,0.16666666666666666
2026-W22,LCS,Viktor,1,6,0.16666666666666666
2026-W22,LCS,Wukong,1,6,0.16666666666666666
2026-W22,LCS,Xayah,1,6,0.16666666666666666
2026-W22,LCS,Xin Zhao,1,6,0.16666666666666666
2026-W22,LCS,Yunara,1,6,0.16666666666666666
2026-W22,LCS,Zaahen,1,6,0.16666666666666666
2026-W22,LEC,Anivia,3,12,0.25
2026-W22,LEC,Ashe,3,12,0.25
2026-W22,LEC,Bard,3,12,0.25
2026-W22,LEC,Caitlyn,3,12,0.25
2026-W22,LEC,Cassiopeia,3,12,0.25
2026-W22,LEC,Ezreal,3,12,0.25
2026-W22,LEC,Jarvan IV,3,12,0.25
2026-W22,LEC,Nautilus,3,12,0.25
2026-W22,LEC,Rakan,3,12,0.25
2026-W22,LEC,Seraphine,3,12,0.25
2026-W22,LEC,Taliyah,3,12,0.25
2026-W22,LEC,Twisted Fate,3,12,0.25
2026-W22,LEC,Varus,3,12,0.25
2026-W22,LEC,Vi,3,12,0.25
2026-W22,LEC,Xayah,3,12,0.25
2026-W22,LEC,Xin Zhao,3,12,0.25
2026-W22,LEC,Ahri,2,12,0.16666666666666666
2026-W22,LEC,Akali,2,12,0.16666666666666666
2026-W22,LEC,Alistar,2,12,0.16666666666666666
2026-W22,LEC,Annie,2,12,0.16666666666666666
2026-W22,LEC,Aurora,2,12,0.16666666666666666
2026-W22,LEC,Azir,2,12,0.16666666666666666
2026-W22,LEC,K'Sante,2,12,0.16666666666666666
2026-W22,LEC,Lee Sin,2,12,0.16666666666666666
2026-W22,LEC,Lucian,2,12,0.16666666666666666
2026-W22,LEC,Lulu,2,12,0.16666666666666666
2026-W22,LEC,Miss Fortune,2,12,0.16666666666666666
2026-W22,LEC,Naafiri,2,12,0.16666666666666666
2026-W22,LEC,Nami,2,12,0.16666666666666666
2026-W22,LEC,Neeko,2,12,0.16666666666666666
2026-W22,LEC,Olaf,2,12,0.16666666666666666
2026-W22,LEC,Pantheon,2,12,0.16666666666666666
2026-W22,LEC,Renekton,2,12,0.16666666666666666
2026-W22,LEC,Rumble,2,12,0.16666666666666666
2026-W22,LEC,Ryze,2,12,0.16666666666666666
2026-W22,LEC,Sion,2,12,0.16666666666666666
2026-W22,LEC,Skarner,2,12,0.16666666666666666
2026-W22,LEC,Trundle,2,12,0.16666666666666666
2026-W22,LEC,Viktor,2,12,0.16666666666666666
2026-W22,LEC,Yone,2,12,0.16666666666666666
2026-W22,LEC,Aatrox,1,12,0.08333333333333333
2026-W22,LEC,Corki,1,12,0.08333333333333333
2026-W22,LEC,Galio,1,12,0.08333333333333333
2026-W22,LEC,Gnar,1,12,0.08333333333333333
2026-W22,LEC,Jax,1,12,0.08333333333333333
2026-W22,LEC,Jinx,1,12,0.08333333333333333
2026-W22,LEC,Kai'Sa,1,12,0.08333333333333333
2026-W22,LEC,Karma,1,12,0.08333333333333333
2026-W22,LEC,Kennen,1,12,0.08333333333333333
2026-W22,LEC,Kled,1,12,0.08333333333333333
2026-W22,LEC,Leona,1,12,0.08333333333333333
2026-W22,LEC,Malphite,1,12,0.08333333333333333
2026-W22,LEC,Milio,1,12,0.08333333333333333
2026-W22,LEC,Nocturne,1,12,0.08333333333333333
2026-W22,LEC,Rek'Sai,1,12,0.08333333333333333
2026-W22,LEC,Senna,1,12,0.08333333333333333
2026-W22,LEC,Sivir,1,12,0.08333333333333333
2026-W22,LEC,Soraka,1,12,0.08333333333333333
2026-W22,LEC,Sylas,1,12,0.08333333333333333
2026-W22,LEC,Wukong,1,12,0.08333333333333333
2026-W22,LEC,Yasuo,1,12,0.08333333333333333
2026-W22,LEC,Yunara,1,12,0.08333333333333333
2026-W22,LEC,Zaahen,1,12,0.08333333333333333
2026-W22,LEC,Zeri,1,12,0.08333333333333333
2026-W22,LPL,Ambessa,5,18,0.2777777777777778
2026-W22,LPL,Ashe,5,18,0.2777777777777778
2026-W22,LPL,Ezreal,5,18,0.2777777777777778
2026-W22,LPL,Jayce,5,18,0.2777777777777778
2026-W22,LPL,Ryze,5,18,0.2777777777777778
2026-W22,LPL,Seraphine,5,18,0.2777777777777778
2026-W22,LPL,Annie,4,18,0.2222222222222222
2026-W22,LPL,Aurora,4,18,0.2222222222222222
2026-W22,LPL,Caitlyn,4,18,0.2222222222222222
2026-W22,LPL,Lee Sin,4,18,0.2222222222222222
2026-W22,LPL,Nautilus,4,18,0.2222222222222222
2026-W22,LPL,Neeko,4,18,0.2222222222222222
2026-W22,LPL,Nocturne,4,18,0.2222222222222222
2026-W22,LPL,Renekton,4,18,0.2222222222222222
2026-W22,LPL,Rumble,4,18,0.2222222222222222
2026-W22,LPL,Sion,4,18,0.2222222222222222
2026-W22,LPL,Trundle,4,18,0.2222222222222222
2026-W22,LPL,Xin Zhao,4,18,0.2222222222222222
2026-W22,LPL,Ahri,3,18,0.16666666666666666
2026-W22,LPL,Akali,3,18,0.16666666666666666
2026-W22,LPL,Bard,3,18,0.16666666666666666
2026-W22,LPL,Cassiopeia,3,18,0.16666666666666666
2026-W22,LPL,Corki,3,18,0.16666666666666666
2026-W22,LPL,Jarvan IV,3,18,0.16666666666666666
2026-W22,LPL,Jhin,3,18,0.16666666666666666
2026-W22,LPL,Lulu,3,18,0.16666666666666666
2026-W22,LPL,Miss Fortune,3,18,0.16666666666666666
2026-W22,LPL,Naafiri,3,18,0.16666666666666666
2026-W22,LPL,Olaf,3,18,0.16666666666666666
2026-W22,LPL,Orianna,3,18,0.16666666666666666
2026-W22,LPL,Shen,3,18,0.16666666666666666
2026-W22,LPL,Skarner,3,18,0.16666666666666666
2026-W22,LPL,Vi,3,18,0.16666666666666666
2026-W22,LPL,Wukong,3,18,0.16666666666666666
2026-W22,LPL,Ziggs,3,18,0.16666666666666666
2026-W22,LPL,Alistar,2,18,0.1111111111111111
2026-W22,LPL,Gnar,2,18,0.1111111111111111
2026-W22,LPL,K'Sante,2,18,0.1111111111111111
2026-W22,LPL,Karma,2,18,0.1111111111111111
2026-W22,LPL,Lucian,2,18,0.1111111111111111
2026-W22,LPL,Lux,2,18,0.1111111111111111
2026-W22,LPL,Maokai,2,18,0.1111111111111111
2026-W22,LPL,Mel,2,18,0.1111111111111111
2026-W22,LPL,Milio,2,18,0.1111111111111111
2026-W22,LPL,Nami,2,18,0.1111111111111111
2026-W22,LPL,Rell,2,18,0.1111111111111111
2026-W22,LPL,Sivir,2,18,0.1111111111111111
2026-W22,LPL,Twisted Fate,2,18,0.1111111111111111
2026-W22,LPL,Varus,2,18,0.1111111111111111
2026-W22,LPL,Viktor,2,18,0.1111111111111111
2026-W22,LPL,Zaahen,2,18,0.1111111111111111
2026-W22,LPL,Elise,1,18,0.05555555555555555
2026-W22,LPL,Fiora,1,18,0.05555555555555555
2026-W22,LPL,Fizz,1,18,0.05555555555555555
2026-W22,LPL,Galio,1,18,0.05555555555555555
2026-W22,LPL,Hwei,1,18,0.05555555555555555
2026-W22,LPL,Kai'Sa,1,18,0.05555555555555555
2026-W22,LPL,LeBlanc,1,18,0.05555555555555555
2026-W22,LPL,Lissandra,1,18,0.05555555555555555
2026-W22,LPL,Morgana,1,18,0.05555555555555555
2026-W22,LPL,Nidalee,1,18,0.05555555555555555
2026-W22,LPL,Ornn,1,18,0.05555555555555555
2026-W22,LPL,Pyke,1,18,0.05555555555555555
2026-W22,LPL,Rakan,1,18,0.05555555555555555
2026-W22,LPL,Senna,1,18,0.05555555555555555
2026-W22,LPL,Sylas,1,18,0.05555555555555555
2026-W22,LPL,Tryndamere,1,18,0.05555555555555555
2026-W22,LPL,Vayne,1,18,0.05555555555555555
2026-W22,LPL,Xayah,1,18,0.05555555555555555
2026-W22,LPL,Yorick,1,18,0.05555555555555555
2026-W23,LCK,Bard,2,8,0.25
2026-W23,LCK,Caitlyn,2,8,0.25
2026-W23,LCK,Gnar,2,8,0.25
2026-W23,LCK,Jarvan IV,2,8,0.25
2026-W23,LCK,Jayce,2,8,0.25
2026-W23,LCK,K'Sante,2,8,0.25
2026-W23,LCK,Mel,2,8,0.25
2026-W23,LCK,Milio,2,8,0.25
2026-W23,LCK,Naafiri,2,8,0.25
2026-W23,LCK,Orianna,2,8,0.25
2026-W23,LCK,Pantheon,2,8,0.25
2026-W23,LCK,Rakan,2,8,0.25
2026-W23,LCK,Rumble,2,8,0.25
2026-W23,LCK,Ryze,2,8,0.25
2026-W23,LCK,Shen,2,8,0.25
2026-W23,LCK,Sion,2,8,0.25
2026-W23,LCK,Taliyah,2,8,0.25
2026-W23,LCK,Viktor,2,8,0.25
2026-W23,LCK,Wukong,2,8,0.25
2026-W23,LCK,Xayah,2,8,0.25
2026-W23,LCK,Xin Zhao,2,8,0.25
2026-W23,LCK,Yunara,2,8,0.25
2026-W23,LCK,Ahri,1,8,0.125
2026-W23,LCK,Alistar,1,8,0.125
2026-W23,LCK,Ambessa,1,8,0.125
2026-W23,LCK,Anivia,1,8,0.125
2026-W23,LCK,Annie,1,8,0.125
2026-W23,LCK,Ashe,1,8,0.125
2026-W23,LCK,Aurora,1,8,0.125
2026-W23,LCK,Azir,1,8,0.125
2026-W23,LCK,Blitzcrank,1,8,0.125
2026-W23,LCK,Camille,1,8,0.125
2026-W23,LCK,Corki,1,8,0.125
2026-W23,LCK,Ezreal,1,8,0.125
2026-W23,LCK,Jax,1,8,0.125
2026-W23,LCK,Jhin,1,8,0.125
2026-W23,LCK,Karma,1,8,0.125
2026-W23,LCK,LeBlanc,1,8,0.125
2026-W23,LCK,Lee Sin,1,8,0.125
2026-W23,LCK,Lucian,1,8,0.125
2026-W23,LCK,Lulu,1,8,0.125
2026-W23,LCK,Maokai,1,8,0.125
2026-W23,LCK,Miss Fortune,1,8,0.125
2026-W23,LCK,Nautilus,1,8,0.125
2026-W23,LCK,Neeko,1,8,0.125
2026-W23,LCK,Nocturne,1,8,0.125
2026-W23,LCK,Ornn,1,8,0.125
2026-W23,LCK,Poppy,1,8,0.125
2026-W23,LCK,Renekton,1,8,0.125
2026-W23,LCK,Seraphine,1,8,0.125
2026-W23,LCK,Sivir,1,8,0.125
2026-W23,LCK,Skarner,1,8,0.125
2026-W23,LCK,Tristana,1,8,0.125
2026-W23,LCK,Vi,1,8,0.125
2026-W23,LCK,Yone,1,8,0.125
2026-W23,LCK,Zaahen,1,8,0.125
2026-W23,LCK,Ziggs,1,8,0.125
2026-W23,LCK,Zoe,1,8,0.125
2026-W23,LCS,Annie,2,7,0.2857142857142857
2026-W23,LCS,Bard,2,7,0.2857142857142857
2026-W23,LCS,Cassiopeia,2,7,0.2857142857142857
2026-W23,LCS,Ezreal,2,7,0.2857142857142857
2026-W23,LCS,Jarvan IV,2,7,0.2857142857142857
2026-W23,LCS,Jayce,2,7,0.2857142857142857
2026-W23,LCS,Jhin,2,7,0.2857142857142857
2026-W23,LCS,Karma,2,7,0.2857142857142857
2026-W23,LCS,Lucian,2,7,0.2857142857142857
2026-W23,LCS,Milio,2,7,0.2857142857142857
2026-W23,LCS,Naafiri,2,7,0.2857142857142857
2026-W23,LCS,Nautilus,2,7,0.2857142857142857
2026-W23,LCS,Nocturne,2,7,0.2857142857142857
2026-W23,LCS,Orianna,2,7,0.2857142857142857
2026-W23,LCS,Rakan,2,7,0.2857142857142857
2026-W23,LCS,Rell,2,7,0.2857142857142857
2026-W23,LCS,Renekton,2,7,0.2857142857142857
2026-W23,LCS,Rumble,2,7,0.2857142857142857
2026-W23,LCS,Ryze,2,7,0.2857142857142857
2026-W23,LCS,Senna,2,7,0.2857142857142857
2026-W23,LCS,Sion,2,7,0.2857142857142857
2026-W23,LCS,Viktor,2,7,0.2857142857142857
2026-W23,LCS,Wukong,2,7,0.2857142857142857
2026-W23,LCS,Xin Zhao,2,7,0.2857142857142857
2026-W23,LCS,Ahri,1,7,0.14285714285714285
2026-W23,LCS,Akali,1,7,0.14285714285714285
2026-W23,LCS,Aurora,1,7,0.14285714285714285
2026-W23,LCS,Caitlyn,1,7,0.14285714285714285
2026-W23,LCS,Gnar,1,7,0.14285714285714285
2026-W23,LCS,K'Sante,1,7,0.14285714285714285
2026-W23,LCS,Kog'Maw,1,7,0.14285714285714285
2026-W23,LCS,Lulu,1,7,0.14285714285714285
2026-W23,LCS,Malphite,1,7,0.14285714285714285
2026-W23,LCS,Miss Fortune,1,7,0.14285714285714285
2026-W23,LCS,Neeko,1,7,0.14285714285714285
2026-W23,LCS,Ornn,1,7,0.14285714285714285
2026-W23,LCS,Sejuani,1,7,0.14285714285714285
2026-W23,LCS,Shyvana,1,7,0.14285714285714285
2026-W23,LCS,Sivir,1,7,0.14285714285714285
2026-W23,LCS,Sylas,1,7,0.14285714285714285
2026-W23,LCS,Twisted Fate,1,7,0.14285714285714285
2026-W23,LCS,Varus,1,7,0.14285714285714285
2026-W23,LCS,Vayne,1,7,0.14285714285714285
2026-W23,LCS,Vi,1,7,0.14285714285714285
2026-W23,LCS,Xayah,1,7,0.14285714285714285
2026-W23,LCS,Ziggs,1,7,0.14285714285714285
2026-W23,LEC,Anivia,3,11,0.2727272727272727
2026-W23,LEC,Ashe,3,11,0.2727272727272727
2026-W23,LEC,Cassiopeia,3,11,0.2727272727272727
2026-W23,LEC,Lulu,3,11,0.2727272727272727
2026-W23,LEC,Nami,3,11,0.2727272727272727
2026-W23,LEC,Pantheon,3,11,0.2727272727272727
2026-W23,LEC,Rumble,3,11,0.2727272727272727
2026-W23,LEC,Seraphine,3,11,0.2727272727272727
2026-W23,LEC,Sion,3,11,0.2727272727272727
2026-W23,LEC,Vi,3,11,0.2727272727272727
2026-W23,LEC,Xin Zhao,3,11,0.2727272727272727
2026-W23,LEC,Ahri,2,11,0.18181818181818182
2026-W23,LEC,Akali,2,11,0.18181818181818182
2026-W23,LEC,Annie,2,11,0.18181818181818182
2026-W23,LEC,Azir,2,11,0.18181818181818182
2026-W23,LEC,Caitlyn,2,11,0.18181818181818182
2026-W23,LEC,Corki,2,11,0.18181818181818182
2026-W23,LEC,Ezreal,2,11,0.18181818181818182
2026-W23,LEC,Gnar,2,11,0.18181818181818182
2026-W23,LEC,Jarvan IV,2,11,0.18181818181818182
2026-W23,LEC,Jayce,2,11,0.18181818181818182
2026-W23,LEC,K'Sante,2,11,0.18181818181818182
2026-W23,LEC,Karma,2,11,0.18181818181818182
2026-W23,LEC,Kled,2,11,0.18181818181818182
2026-W23,LEC,Lucian,2,11,0.18181818181818182
2026-W23,LEC,Milio,2,11,0.18181818181818182
2026-W23,LEC,Neeko,2,11,0.18181818181818182
2026-W23,LEC,Ryze,2,11,0.18181818181818182
2026-W23,LEC,Sivir,2,11,0.18181818181818182
2026-W23,LEC,Skarner,2,11,0.18181818181818182
2026-W23,LEC,Taliyah,2,11,0.18181818181818182
2026-W23,LEC,Trundle,2,11,0.18181818181818182
2026-W23,LEC,Yunara,2,11,0.18181818181818182
2026-W23,LEC,Aatrox,1,11,0.09090909090909091
2026-W23,LEC,Alistar,1,11,0.09090909090909091
2026-W23,LEC,Aphelios,1,11,0.09090909090909091
2026-W23,LEC,Aurora,1,11,0.09090909090909091
2026-W23,LEC,Bard,1,11,0.09090909090909091
2026-W23,LEC,Galio,1,11,0.09090909090909091
2026-W23,LEC,Jhin,1,11,0.09090909090909091
2026-W23,LEC,Kennen,1,11,0.09090909090909091
2026-W23,LEC,Lee Sin,1,11,0.09090909090909091
2026-W23,LEC,Mel,1,11,0.09090909090909091
2026-W23,LEC,Naafiri,1,11,0.09090909090909091
2026-W23,LEC,Nasus,1,11,0.09090909090909091
2026-W23,LEC,Nautilus,1,11,0.09090909090909091
2026-W23,LEC,Nidalee,1,11,0.09090909090909091
2026-W23,LEC,Nocturne,1,11,0.09090909090909091
2026-W23,LEC,Olaf,1,11,0.09090909090909091
2026-W23,LEC,Orianna,1,11,0.09090909090909091
2026-W23,LEC,Ornn,1,11,0.09090909090909091
2026-W23,LEC,Poppy,1,11,0.09090909090909091
2026-W23,LEC,Rakan,1,11,0.09090909090909091
2026-W23,LEC,Rell,1,11,0.09090909090909091
2026-W23,LEC,Renekton,1,11,0.09090909090909091
2026-W23,LEC,Sejuani,1,11,0.09090909090909091
2026-W23,LEC,Senna,1,11,0.09090909090909091
2026-W23,LEC,Shen,1,11,0.09090909090909091
2026-W23,LEC,Twisted Fate,1,11,0.09090909090909091
2026-W23,LEC,Varus,1,11,0.09090909090909091
2026-W23,LEC,Viktor,1,11,0.09090909090909091
2026-W23,LEC,Wukong,1,11,0.09090909090909091
2026-W23,LEC,Xayah,1,11,0.09090909090909091
2026-W23,LEC,Yasuo,1,11,0.09090909090909091
2026-W23,LEC,Zaahen,1,11,0.09090909090909091
2026-W23,LEC,Zeri,1,11,0.09090909090909091
2026-W23,LPL,Annie,6,21,0.2857142857142857
2026-W23,LPL,Ezreal,6,21,0.2857142857142857
2026-W23,LPL,Lee Sin,6,21,0.2857142857142857
2026-W23,LPL,Lucian,6,21,0.2857142857142857
2026-W23,LPL,Milio,6,21,0.2857142857142857
2026-W23,LPL,Sion,6,21,0.2857142857142857
2026-W23,LPL,Bard,5,21,0.23809523809523808
2026-W23,LPL,Cassiopeia,5,21,0.23809523809523808
2026-W23,LPL,Jayce,5,21,0.23809523809523808
2026-W23,LPL,Lulu,5,21,0.23809523809523808
2026-W23,LPL,Rumble,5,21,0.23809523809523808
2026-W23,LPL,Ryze,5,21,0.23809523809523808
2026-W23,LPL,Trundle,5,21,0.23809523809523808
2026-W23,LPL,Wukong,5,21,0.23809523809523808
2026-W23,LPL,Xin Zhao,5,21,0.23809523809523808
2026-W23,LPL,Ahri,4,21,0.19047619047619047
2026-W23,LPL,Ashe,4,21,0.19047619047619047
2026-W23,LPL,Caitlyn,4,21,0.19047619047619047
2026-W23,LPL,K'Sante,4,21,0.19047619047619047
2026-W23,LPL,Naafiri,4,21,0.19047619047619047
2026-W23,LPL,Nautilus,4,21,0.19047619047619047
2026-W23,LPL,Neeko,4,21,0.19047619047619047
2026-W23,LPL,Renekton,4,21,0.19047619047619047
2026-W23,LPL,Seraphine,4,21,0.19047619047619047
2026-W23,LPL,Vi,4,21,0.19047619047619047
2026-W23,LPL,Viktor,4,21,0.19047619047619047
2026-W23,LPL,Ambessa,3,21,0.14285714285714285
2026-W23,LPL,Anivia,3,21,0.14285714285714285
2026-W23,LPL,Aurora,3,21,0.14285714285714285
2026-W23,LPL,Corki,3,21,0.14285714285714285
2026-W23,LPL,Galio,3,21,0.14285714285714285
2026-W23,LPL,Jhin,3,21,0.14285714285714285
2026-W23,LPL,Nami,3,21,0.14285714285714285
2026-W23,LPL,Olaf,3,21,0.14285714285714285
2026-W23,LPL,Rakan,3,21,0.14285714285714285
2026-W23,LPL,Skarner,3,21,0.14285714285714285
2026-W23,LPL,Twisted Fate,3,21,0.14285714285714285
2026-W23,LPL,Varus,3,21,0.14285714285714285
2026-W23,LPL,Yorick,3,21,0.14285714285714285
2026-W23,LPL,Yunara,3,21,0.14285714285714285
2026-W23,LPL,Akali,2,21,0.09523809523809523
2026-W23,LPL,Jarvan IV,2,21,0.09523809523809523
2026-W23,LPL,Jax,2,21,0.09523809523809523
2026-W23,LPL,Karma,2,21,0.09523809523809523
2026-W23,LPL,Miss Fortune,2,21,0.09523809523809523
2026-W23,LPL,Orianna,2,21,0.09523809523809523
2026-W23,LPL,Pantheon,2,21,0.09523809523809523
2026-W23,LPL,Poppy,2,21,0.09523809523809523
2026-W23,LPL,Shen,2,21,0.09523809523809523
2026-W23,LPL,Sivir,2,21,0.09523809523809523
2026-W23,LPL,Vayne,2,21,0.09523809523809523
2026-W23,LPL,Xayah,2,21,0.09523809523809523
2026-W23,LPL,Aatrox,1,21,0.047619047619047616
2026-W23,LPL,Alistar,1,21,0.047619047619047616
2026-W23,LPL,Blitzcrank,1,21,0.047619047619047616
2026-W23,LPL,Gangplank,1,21,0.047619047619047616
2026-W23,LPL,Gnar,1,21,0.047619047619047616
2026-W23,LPL,Kai'Sa,1,21,0.047619047619047616
2026-W23,LPL,Kog'Maw,1,21,0.047619047619047616
2026-W23,LPL,LeBlanc,1,21,0.047619047619047616
2026-W23,LPL,Lux,1,21,0.047619047619047616
2026-W23,LPL,Maokai,1,21,0.047619047619047616
2026-W23,LPL,Nidalee,1,21,0.047619047619047616
2026-W23,LPL,Pyke,1,21,0.047619047619047616
2026-W23,LPL,Rek'Sai,1,21,0.047619047619047616
2026-W23,LPL,Sejuani,1,21,0.047619047619047616
2026-W23,LPL,Senna,1,21,0.047619047619047616
2026-W23,LPL,Yone,1,21,0.047619047619047616
2026-W23,LPL,Zaahen,1,21,0.047619047619047616
2026-W23,LPL,Ziggs,1,21,0.047619047619047616
2026-W23,LPL,Zyra,1,21,0.047619047619047616
2026-W24,LCK,Ambessa,3,12,0.25
2026-W24,LCK,Camille,3,12,0.25
2026-W24,LCK,Ezreal,3,12,0.25
2026-W24,LCK,Jayce,3,12,0.25
2026-W24,LCK,Karma,3,12,0.25
2026-W24,LCK,Lee Sin,3,12,0.25
2026-W24,LCK,Lissandra,3,12,0.25
2026-W24,LCK,Lulu,3,12,0.25
2026-W24,LCK,Naafiri,3,12,0.25
2026-W24,LCK,Rakan,3,12,0.25
2026-W24,LCK,Renekton,3,12,0.25
2026-W24,LCK,Rumble,3,12,0.25
2026-W24,LCK,Ryze,3,12,0.25
2026-W24,LCK,Senna,3,12,0.25
2026-W24,LCK,Sion,3,12,0.25
2026-W24,LCK,Vi,3,12,0.25
2026-W24,LCK,Xayah,3,12,0.25
2026-W24,LCK,Ziggs,3,12,0.25
2026-W24,LCK,Ahri,2,12,0.16666666666666666
2026-W24,LCK,Anivia,2,12,0.16666666666666666
2026-W24,LCK,Annie,2,12,0.16666666666666666
2026-W24,LCK,Cassiopeia,2,12,0.16666666666666666
2026-W24,LCK,Galio,2,12,0.16666666666666666
2026-W24,LCK,Gnar,2,12,0.16666666666666666
2026-W24,LCK,Jarvan IV,2,12,0.16666666666666666
2026-W24,LCK,Jhin,2,12,0.16666666666666666
2026-W24,LCK,Maokai,2,12,0.16666666666666666
2026-W24,LCK,Mel,2,12,0.16666666666666666
2026-W24,LCK,Nocturne,2,12,0.16666666666666666
2026-W24,LCK,Poppy,2,12,0.16666666666666666
2026-W24,LCK,Rell,2,12,0.16666666666666666
2026-W24,LCK,Renata Glasc,2,12,0.16666666666666666
2026-W24,LCK,Shen,2,12,0.16666666666666666
2026-W24,LCK,Sivir,2,12,0.16666666666666666
2026-W24,LCK,Trundle,2,12,0.16666666666666666
2026-W24,LCK,Wukong,2,12,0.16666666666666666
2026-W24,LCK,Xin Zhao,2,12,0.16666666666666666
2026-W24,LCK,Yunara,2,12,0.16666666666666666
2026-W24,LCK,Akali,1,12,0.08333333333333333
2026-W24,LCK,Alistar,1,12,0.08333333333333333
2026-W24,LCK,Aphelios,1,12,0.08333333333333333
2026-W24,LCK,Azir,1,12,0.08333333333333333
2026-W24,LCK,Blitzcrank,1,12,0.08333333333333333
2026-W24,LCK,Gangplank,1,12,0.08333333333333333
2026-W24,LCK,Gragas,1,12,0.08333333333333333
2026-W24,LCK,K'Sante,1,12,0.08333333333333333
2026-W24,LCK,Kalista,1,12,0.08333333333333333
2026-W24,LCK,Kog'Maw,1,12,0.08333333333333333
2026-W24,LCK,Lucian,1,12,0.08333333333333333
2026-W24,LCK,Milio,1,12,0.08333333333333333
2026-W24,LCK,Miss Fortune,1,12,0.08333333333333333
2026-W24,LCK,Nautilus,1,12,0.08333333333333333
2026-W24,LCK,Neeko,1,12,0.08333333333333333
2026-W24,LCK,Nidalee,1,12,0.08333333333333333
2026-W24,LCK,Olaf,1,12,0.08333333333333333
2026-W24,LCK,Rek'Sai,1,12,0.08333333333333333
2026-W24,LCK,Taliyah,1,12,0.08333333333333333
2026-W24,LCK,Thresh,1,12,0.08333333333333333
2026-W24,LCK,Twisted Fate,1,12,0.08333333333333333
2026-W24,LCK,Vayne,1,12,0.08333333333333333
2026-W24,LCK,Viktor,1,12,0.08333333333333333
2026-W24,LCK,Yone,1,12,0.08333333333333333
2026-W24,LCK,Yorick,1,12,0.08333333333333333
2026-W24,LCK,Zaahen,1,12,0.08333333333333333
2026-W24,LCS,Ezreal,2,6,0.3333333333333333
2026-W24,LCS,Jarvan IV,2,6,0.3333333333333333
2026-W24,LCS,Lulu,2,6,0.3333333333333333
2026-W24,LCS,Nautilus,2,6,0.3333333333333333
2026-W24,LCS,Neeko,2,6,0.3333333333333333
2026-W24,LCS,Nocturne,2,6,0.3333333333333333
2026-W24,LCS,Rakan,2,6,0.3333333333333333
2026-W24,LCS,Rumble,2,6,0.3333333333333333
2026-W24,LCS,Shen,2,6,0.3333333333333333
2026-W24,LCS,Sion,2,6,0.3333333333333333
2026-W24,LCS,Trundle,2,6,0.3333333333333333
2026-W24,LCS,Viktor,2,6,0.3333333333333333
2026-W24,LCS,Xayah,2,6,0.3333333333333333
2026-W24,LCS,Yunara,2,6,0.3333333333333333
2026-W24,LCS,Akali,1,6,0.16666666666666666
2026-W24,LCS,Alistar,1,6,0.16666666666666666
2026-W24,LCS,Ambessa,1,6,0.16666666666666666
2026-W24,LCS,Anivia,1,6,0.16666666666666666
2026-W24,LCS,Ashe,1,6,0.16666666666666666
2026-W24,LCS,Bard,1,6,0.16666666666666666
2026-W24,LCS,Caitlyn,1,6,0.16666666666666666
2026-W24,LCS,Cassiopeia,1,6,0.16666666666666666
2026-W24,LCS,Corki,1,6,0.16666666666666666
2026-W24,LCS,Galio,1,6,0.16666666666666666
2026-W24,LCS,Gragas,1,6,0.16666666666666666
2026-W24,LCS,Jhin,1,6,0.16666666666666666
2026-W24,LCS,K'Sante,1,6,0.16666666666666666
2026-W24,LCS,LeBlanc,1,6,0.16666666666666666
2026-W24,LCS,Lee Sin,1,6,0.16666666666666666
2026-W24,LCS,Naafiri,1,6,0.16666666666666666
2026-W24,LCS,Orianna,1,6,0.16666666666666666
2026-W24,LCS,Ornn,1,6,0.16666666666666666
2026-W24,LCS,Rell,1,6,0.16666666666666666
2026-W24,LCS,Ryze,1,6,0.16666666666666666
2026-W24,LCS,Sejuani,1,6,0.16666666666666666
2026-W24,LCS,Senna,1,6,0.16666666666666666
2026-W24,LCS,Seraphine,1,6,0.16666666666666666
2026-W24,LCS,Shyvana,1,6,0.16666666666666666
2026-W24,LCS,Twisted Fate,1,6,0.16666666666666666
2026-W24,LCS,Varus,1,6,0.16666666666666666
2026-W24,LCS,Wukong,1,6,0.16666666666666666
2026-W24,LCS,Xin Zhao,1,6,0.16666666666666666
2026-W24,LCS,Yone,1,6,0.16666666666666666
2026-W24,LCS,Yorick,1,6,0.16666666666666666
2026-W24,LCS,Zaahen,1,6,0.16666666666666666
2026-W24,LCS,Ziggs,1,6,0.16666666666666666
2026-W24,LPL,Ashe,3,11,0.2727272727272727
2026-W24,LPL,Aurora,3,11,0.2727272727272727
2026-W24,LPL,Jarvan IV,3,11,0.2727272727272727
2026-W24,LPL,Jayce,3,11,0.2727272727272727
2026-W24,LPL,K'Sante,3,11,0.2727272727272727
2026-W24,LPL,Lee Sin,3,11,0.2727272727272727
2026-W24,LPL,Lulu,3,11,0.2727272727272727
2026-W24,LPL,Pantheon,3,11,0.2727272727272727
2026-W24,LPL,Ryze,3,11,0.2727272727272727
2026-W24,LPL,Seraphine,3,11,0.2727272727272727
2026-W24,LPL,Shen,3,11,0.2727272727272727
2026-W24,LPL,Sion,3,11,0.2727272727272727
2026-W24,LPL,Sivir,3,11,0.2727272727272727
2026-W24,LPL,Wukong,3,11,0.2727272727272727
2026-W24,LPL,Ahri,2,11,0.18181818181818182
2026-W24,LPL,Alistar,2,11,0.18181818181818182
2026-W24,LPL,Annie,2,11,0.18181818181818182
2026-W24,LPL,Bard,2,11,0.18181818181818182
2026-W24,LPL,Caitlyn,2,11,0.18181818181818182
2026-W24,LPL,Cassiopeia,2,11,0.18181818181818182
2026-W24,LPL,Ezreal,2,11,0.18181818181818182
2026-W24,LPL,Jhin,2,11,0.18181818181818182
2026-W24,LPL,Karma,2,11,0.18181818181818182
2026-W24,LPL,Mel,2,11,0.18181818181818182
2026-W24,LPL,Naafiri,2,11,0.18181818181818182
2026-W24,LPL,Nautilus,2,11,0.18181818181818182
2026-W24,LPL,Renekton,2,11,0.18181818181818182
2026-W24,LPL,Rumble,2,11,0.18181818181818182
2026-W24,LPL,Senna,2,11,0.18181818181818182
2026-W24,LPL,Trundle,2,11,0.18181818181818182
2026-W24,LPL,Twisted Fate,2,11,0.18181818181818182
2026-W24,LPL,Vi,2,11,0.18181818181818182
2026-W24,LPL,Viktor,2,11,0.18181818181818182
2026-W24,LPL,Akali,1,11,0.09090909090909091
2026-W24,LPL,Ambessa,1,11,0.09090909090909091
2026-W24,LPL,Aphelios,1,11,0.09090909090909091
2026-W24,LPL,Camille,1,11,0.09090909090909091
2026-W24,LPL,Corki,1,11,0.09090909090909091
2026-W24,LPL,Elise,1,11,0.09090909090909091
2026-W24,LPL,Hwei,1,11,0.09090909090909091
2026-W24,LPL,Jax,1,11,0.09090909090909091
2026-W24,LPL,Jinx,1,11,0.09090909090909091
2026-W24,LPL,Lucian,1,11,0.09090909090909091
2026-W24,LPL,Maokai,1,11,0.09090909090909091
2026-W24,LPL,Milio,1,11,0.09090909090909091
2026-W24,LPL,Nami,1,11,0.09090909090909091
2026-W24,LPL,Neeko,1,11,0.09090909090909091
2026-W24,LPL,Nidalee,1,11,0.09090909090909091
2026-W24,LPL,Olaf,1,11,0.09090909090909091
2026-W24,LPL,Orianna,1,11,0.09090909090909091
2026-W24,LPL,Ornn,1,11,0.09090909090909091
2026-W24,LPL,Poppy,1,11,0.09090909090909091
2026-W24,LPL,Rakan,1,11,0.09090909090909091
2026-W24,LPL,Rek'Sai,1,11,0.09090909090909091
2026-W24,LPL,Udyr,1,11,0.09090909090909091
2026-W24,LPL,Varus,1,11,0.09090909090909091
2026-W24,LPL,Xin Zhao,1,11,0.09090909090909091
2026-W24,LPL,Yorick,1,11,0.09090909090909091
2026-W24,LPL,Yunara,1,11,0.09090909090909091
2026-W24,LPL,Yuumi,1,11,0.09090909090909091
2026-W24,LPL,Zaahen,1,11,0.09090909090909091
2026-W24,LPL,Zeri,1,11,0.09090909090909091
2026-W24,LPL,Ziggs,1,11,0.09090909090909091
