iso_week,league,champion,games_picked,total_games,pick_rate
2026-W30,LCS,Ambessa,4,9,0.4444444444444444
2026-W30,LCS,Gnar,4,9,0.4444444444444444
2026-W30,LCS,Viktor,4,9,0.4444444444444444
2026-W30,LCS,Camille,3,9,0.3333333333333333
2026-W30,LCS,Ezreal,3,9,0.3333333333333333
2026-W30,LCS,Jarvan IV,3,9,0.3333333333333333
2026-W30,LCS,Jayce,3,9,0.3333333333333333
2026-W30,LCS,Leona,3,9,0.3333333333333333
2026-W30,LCS,Nautilus,3,9,0.3333333333333333
2026-W30,LCS,Ryze,3,9,0.3333333333333333
2026-W30,LCS,Shen,3,9,0.3333333333333333
2026-W30,LCS,Syndra,3,9,0.3333333333333333
2026-W30,LCS,Vi,3,9,0.3333333333333333
2026-W30,LCS,Ziggs,3,9,0.3333333333333333
2026-W30,LCS,Akali,2,9,0.2222222222222222
2026-W30,LCS,Bard,2,9,0.2222222222222222
2026-W30,LCS,Cassiopeia,2,9,0.2222222222222222
2026-W30,LCS,Lee Sin,2,9,0.2222222222222222
2026-W30,LCS,Lucian,2,9,0.2222222222222222
2026-W30,LCS,Milio,2,9,0.2222222222222222
2026-W30,LCS,Naafiri,2,9,0.2222222222222222
2026-W30,LCS,Pantheon,2,9,0.2222222222222222
2026-W30,LCS,Rell,2,9,0.2222222222222222
2026-W30,LCS,Rumble,2,9,0.2222222222222222
2026-W30,LCS,Sylas,2,9,0.2222222222222222
2026-W30,LCS,Xin Zhao,2,9,0.2222222222222222
2026-W30,LCS,Anivia,1,9,0.1111111111111111
2026-W30,LCS,Caitlyn,1,9,0.1111111111111111
2026-W30,LCS,Corki,1,9,0.1111111111111111
2026-W30,LCS,Galio,1,9,0.1111111111111111
2026-W30,LCS,Jhin,1,9,0.1111111111111111
2026-W30,LCS,K'Sante,1,9,0.1111111111111111
2026-W30,LCS,Kai'Sa,1,9,0.1111111111111111
2026-W30,LCS,Karma,1,9,0.1111111111111111
2026-W30,LCS,LeBlanc,1,9,0.1111111111111111
2026-W30,LCS,Locke,1,9,0.1111111111111111
2026-W30,LCS,Malphite,1,9,0.1111111111111111
2026-W30,LCS,Olaf,1,9,0.1111111111111111
2026-W30,LCS,Orianna,1,9,0.1111111111111111
2026-W30,LCS,Qiyana,1,9,0.1111111111111111
2026-W30,LCS,Renekton,1,9,0.1111111111111111
2026-W30,LCS,Skarner,1,9,0.1111111111111111
2026-W30,LCS,Taliyah,1,9,0.1111111111111111
2026-W30,LCS,Trundle,1,9,0.1111111111111111
2026-W30,LCS,Volibear,1,9,0.1111111111111111
2026-W30,LCS,Wukong,1,9,0.1111111111111111
2026-W30,LCS,Zeri,1,9,0.1111111111111111
2026-W30,LEC,Camille,6,15,0.4
2026-W30,LEC,Viktor,6,15,0.4
2026-W30,LEC,Cassiopeia,5,15,0.3333333333333333
2026-W30,LEC,Jarvan IV,5,15,0.3333333333333333
2026-W30,LEC,Leona,5,15,0.3333333333333333
2026-W30,LEC,Naafiri,5,15,0.3333333333333333
2026-W30,LEC,Orianna,5,15,0.3333333333333333
2026-W30,LEC,Shen,5,15,0.3333333333333333
2026-W30,LEC,Syndra,5,15,0.3333333333333333
2026-W30,LEC,Ziggs,5,15,0.3333333333333333
2026-W30,LEC,Galio,4,15,0.26666666666666666
2026-W30,LEC,K'Sante,4,15,0.26666666666666666
2026-W30,LEC,Lee Sin,4,15,0.26666666666666666
2026-W30,LEC,Lucian,4,15,0.26666666666666666
2026-W30,LEC,Rell,4,15,0.26666666666666666
2026-W30,LEC,Rumble,4,15,0.26666666666666666
2026-W30,LEC,Wukong,4,15,0.26666666666666666
2026-W30,LEC,Akali,3,15,0.2
2026-W30,LEC,Ambessa,3,15,0.2
2026-W30,LEC,Anivia,3,15,0.2
2026-W30,LEC,Caitlyn,3,15,0.2
2026-W30,LEC,Ezreal,3,15,0.2
2026-W30,LEC,Gnar,3,15,0.2
2026-W30,LEC,Jayce,3,15,0.2
2026-W30,LEC,Kai'Sa,3,15,0.2
2026-W30,LEC,Nocturne,3,15,0.2
2026-W30,LEC,Renekton,3,15,0.2
2026-W30,LEC,Vi,3,15,0.2
2026-W30,LEC,Ahri,2,15,0.13333333333333333
2026-W30,LEC,Kled,2,15,0.13333333333333333
2026-W30,LEC,Qiyana,2,15,0.13333333333333333
2026-W30,LEC,Rakan,2,15,0.13333333333333333
2026-W30,LEC,Ryze,2,15,0.13333333333333333
2026-W30,LEC,Sylas,2,15,0.13333333333333333
2026-W30,LEC,Yone,2,15,0.13333333333333333
2026-W30,LEC,Alistar,1,15,0.06666666666666667
2026-W30,LEC,Annie,1,15,0.06666666666666667
2026-W30,LEC,Bard,1,15,0.06666666666666667
2026-W30,LEC,Elise,1,15,0.06666666666666667
2026-W30,LEC,Hwei,1,15,0.06666666666666667
2026-W30,LEC,Jhin,1,15,0.06666666666666667
2026-W30,LEC,Karma,1,15,0.06666666666666667
2026-W30,LEC,LeBlanc,1,15,0.06666666666666667
2026-W30,LEC,Locke,1,15,0.06666666666666667
2026-W30,LEC,Milio,1,15,0.06666666666666667
2026-W30,LEC,Mordekaiser,1,15,0.06666666666666667
2026-W30,LEC,Nautilus,1,15,0.06666666666666667
2026-W30,LEC,Neeko,1,15,0.06666666666666667
2026-W30,LEC,Olaf,1,15,0.06666666666666667
2026-W30,LEC,Pantheon,1,15,0.06666666666666667
2026-W30,LEC,Tahm Kench,1,15,0.06666666666666667
2026-W30,LEC,Taric,1,15,0.06666666666666667
2026-W30,LEC,Tristana,1,15,0.06666666666666667
2026-W30,LEC,Trundle,1,15,0.06666666666666667
2026-W30,LEC,Twisted Fate,1,15,0.06666666666666667
2026-W30,LEC,Xayah,1,15,0.06666666666666667
2026-W30,LEC,Xin Zhao,1,15,0.06666666666666667
2026-W30,LEC,Yorick,1,15,0.06666666666666667
2026-W30,LPL,Ambessa,11,33,0.3333333333333333
2026-W30,LPL,Rumble,11,33,0.3333333333333333
2026-W30,LPL,Ryze,11,33,0.3333333333333333
2026-W30,LPL,Syndra,11,33,0.3333333333333333
2026-W30,LPL,Cassiopeia,10,33,0.30303030303030304
2026-W30,LPL,Ezreal,10,33,0.30303030303030304
2026-W30,LPL,Jayce,10,33,0.30303030303030304
2026-W30,LPL,Gnar,9,33,0.2727272727272727
2026-W30,LPL,Jarvan IV,9,33,0.2727272727272727
2026-W30,LPL,Lee Sin,9,33,0.2727272727272727
2026-W30,LPL,Naafiri,9,33,0.2727272727272727
2026-W30,LPL,Nautilus,9,33,0.2727272727272727
2026-W30,LPL,Camille,8,33,0.24242424242424243
2026-W30,LPL,Ziggs,8,33,0.24242424242424243
2026-W30,LPL,Jhin,7,33,0.21212121212121213
2026-W30,LPL,K'Sante,7,33,0.21212121212121213
2026-W30,LPL,Lucian,7,33,0.21212121212121213
2026-W30,LPL,Milio,7,33,0.21212121212121213
2026-W30,LPL,Shen,7,33,0.21212121212121213
2026-W30,LPL,Varus,7,33,0.21212121212121213
2026-W30,LPL,Vi,7,33,0.21212121212121213
2026-W30,LPL,Alistar,6,33,0.18181818181818182
2026-W30,LPL,Karma,6,33,0.18181818181818182
2026-W30,LPL,Qiyana,6,33,0.18181818181818182
2026-W30,LPL,Sivir,6,33,0.18181818181818182
2026-W30,LPL,Yorick,6,33,0.18181818181818182
2026-W30,LPL,Ahri,5,33,0.15151515151515152
2026-W30,LPL,Akali,5,33,0.15151515151515152
2026-W30,LPL,Bard,5,33,0.15151515151515152
2026-W30,LPL,Leona,5,33,0.15151515151515152
2026-W30,LPL,Olaf,5,33,0.15151515151515152
2026-W30,LPL,Seraphine,5,33,0.15151515151515152
2026-W30,LPL,Trundle,5,33,0.15151515151515152
2026-W30,LPL,Viktor,5,33,0.15151515151515152
2026-W30,LPL,Anivia,4,33,0.12121212121212122
2026-W30,LPL,Locke,4,33,0.12121212121212122
2026-W30,LPL,Rell,4,33,0.12121212121212122
2026-W30,LPL,Skarner,4,33,0.12121212121212122
2026-W30,LPL,Sylas,4,33,0.12121212121212122
2026-W30,LPL,Annie,3,33,0.09090909090909091
2026-W30,LPL,Aurora,3,33,0.09090909090909091
2026-W30,LPL,Nocturne,3,33,0.09090909090909091
2026-W30,LPL,Poppy,3,33,0.09090909090909091
2026-W30,LPL,Twisted Fate,3,33,0.09090909090909091
2026-W30,LPL,Wukong,3,33,0.09090909090909091
2026-W30,LPL,Xerath,3,33,0.09090909090909091
2026-W30,LPL,Caitlyn,2,33,0.06060606060606061
2026-W30,LPL,Kai'Sa,2,33,0.06060606060606061
2026-W30,LPL,Mel,2,33,0.06060606060606061
2026-W30,LPL,Miss Fortune,2,33,0.06060606060606061
2026-W30,LPL,Pantheon,2,33,0.06060606060606061
2026-W30,LPL,Renekton,2,33,0.06060606060606061
2026-W30,LPL,Taliyah,2,33,0.06060606060606061
2026-W30,LPL,Vayne,2,33,0.06060606060606061
2026-W30,LPL,Xin Zhao,2,33,0.06060606060606061
2026-W30,LPL,Aatrox,1,33,0.030303030303030304
2026-W30,LPL,Ashe,1,33,0.030303030303030304
2026-W30,LPL,Galio,1,33,0.030303030303030304
2026-W30,LPL,Graves,1,33,0.030303030303030304
2026-W30,LPL,Gwen,1,33,0.030303030303030304
2026-W30,LPL,Jax,1,33,0.030303030303030304
2026-W30,LPL,Lulu,1,33,0.030303030303030304
2026-W30,LPL,Lux,1,33,0.030303030303030304
2026-W30,LPL,Nasus,1,33,0.030303030303030304
2026-W30,LPL,Neeko,1,33,0.030303030303030304
2026-W30,LPL,Nidalee,1,33,0.030303030303030304
2026-W30,LPL,Orianna,1,33,0.030303030303030304
2026-W30,LPL,Ornn,1,33,0.030303030303030304
2026-W30,LPL,Rakan,1,33,0.030303030303030304
2026-W30,LPL,Tristana,1,33,0.030303030303030304
2026-W30,LPL,Xayah,1,33,0.030303030303030304
2026-W30,LPL,Yunara,1,33,0.030303030303030304
2026-W31,LCK,Jarvan IV,10,24,0.4166666666666667
2026-W31,LCK,Shen,9,24,0.375
2026-W31,LCK,Cassiopeia,8,24,0.3333333333333333
2026-W31,LCK,Lee Sin,8,24,0.3333333333333333
2026-W31,LCK,Ambessa,7,24,0.2916666666666667
2026-W31,LCK,Ezreal,7,24,0.2916666666666667
2026-W31,LCK,Gnar,7,24,0.2916666666666667
2026-W31,LCK,Jhin,7,24,0.2916666666666667
2026-W31,LCK,Nautilus,7,24,0.2916666666666667
2026-W31,LCK,Rumble,7,24,0.2916666666666667
2026-W31,LCK,Ryze,7,24,0.2916666666666667
2026-W31,LCK,Viktor,7,24,0.2916666666666667
2026-W31,LCK,Pantheon,6,24,0.25
2026-W31,LCK,Syndra,6,24,0.25
2026-W31,LCK,Xin Zhao,6,24,0.25
2026-W31,LCK,Bard,5,24,0.20833333333333334
2026-W31,LCK,Lucian,5,24,0.20833333333333334
2026-W31,LCK,Milio,5,24,0.20833333333333334
2026-W31,LCK,Naafiri,5,24,0.20833333333333334
2026-W31,LCK,Vi,5,24,0.20833333333333334
2026-W31,LCK,Anivia,4,24,0.16666666666666666
2026-W31,LCK,Annie,4,24,0.16666666666666666
2026-W31,LCK,Camille,4,24,0.16666666666666666
2026-W31,LCK,Sivir,4,24,0.16666666666666666
2026-W31,LCK,Skarner,4,24,0.16666666666666666
2026-W31,LCK,Varus,4,24,0.16666666666666666
2026-W31,LCK,Yunara,4,24,0.16666666666666666
2026-W31,LCK,Alistar,3,24,0.125
2026-W31,LCK,Corki,3,24,0.125
2026-W31,LCK,Galio,3,24,0.125
2026-W31,LCK,Jayce,3,24,0.125
2026-W31,LCK,Leona,3,24,0.125
2026-W31,LCK,Locke,3,24,0.125
2026-W31,LCK,Lulu,3,24,0.125
2026-W31,LCK,Olaf,3,24,0.125
2026-W31,LCK,Orianna,3,24,0.125
2026-W31,LCK,Rell,3,24,0.125
2026-W31,LCK,Renekton,3,24,0.125
2026-W31,LCK,Taliyah,3,24,0.125
2026-W31,LCK,Zaahen,3,24,0.125
2026-W31,LCK,Aatrox,2,24,0.08333333333333333
2026-W31,LCK,Akali,2,24,0.08333333333333333
2026-W31,LCK,Aurora,2,24,0.08333333333333333
2026-W31,LCK,Caitlyn,2,24,0.08333333333333333
2026-W31,LCK,Jax,2,24,0.08333333333333333
2026-W31,LCK,K'Sante,2,24,0.08333333333333333
2026-W31,LCK,Kai'Sa,2,24,0.08333333333333333
2026-W31,LCK,Karma,2,24,0.08333333333333333
2026-W31,LCK,Miss Fortune,2,24,0.08333333333333333
2026-W31,LCK,Nocturne,2,24,0.08333333333333333
2026-W31,LCK,Seraphine,2,24,0.08333333333333333
2026-W31,LCK,Yone,2,24,0.08333333333333333
2026-W31,LCK,Yorick,2,24,0.08333333333333333
2026-W31,LCK,Ziggs,2,24,0.08333333333333333
2026-W31,LCK,Ahri,1,24,0.041666666666666664
2026-W31,LCK,Ashe,1,24,0.041666666666666664
2026-W31,LCK,Gragas,1,24,0.041666666666666664
2026-W31,LCK,Mel,1,24,0.041666666666666664
2026-W31,LCK,Mordekaiser,1,24,0.041666666666666664
2026-W31,LCK,Pyke,1,24,0.041666666666666664
2026-W31,LCK,Qiyana,1,24,0.041666666666666664
2026-W31,LCK,Rakan,1,24,0.041666666666666664
2026-W31,LCK,Shyvana,1,24,0.041666666666666664
2026-W31,LCK,Tristana,1,24,0.041666666666666664
2026-W31,LCK,Xayah,1,24,0.041666666666666664
2026-W31,LCS,Ezreal,4,9,0.4444444444444444
2026-W31,LCS,Ambessa,3,9,0.3333333333333333
2026-W31,LCS,Camille,3,9,0.3333333333333333
2026-W31,LCS,Galio,3,9,0.3333333333333333
2026-W31,LCS,Gnar,3,9,0.3333333333333333
2026-W31,LCS,Jarvan IV,3,9,0.3333333333333333
2026-W31,LCS,Lee Sin,3,9,0.3333333333333333
2026-W31,LCS,Leona,3,9,0.3333333333333333
2026-W31,LCS,Rumble,3,9,0.3333333333333333
2026-W31,LCS,Ryze,3,9,0.3333333333333333
2026-W31,LCS,Xin Zhao,3,9,0.3333333333333333
2026-W31,LCS,Ziggs,3,9,0.3333333333333333
2026-W31,LCS,Aatrox,2,9,0.2222222222222222
2026-W31,LCS,Cassiopeia,2,9,0.2222222222222222
2026-W31,LCS,Corki,2,9,0.2222222222222222
2026-W31,LCS,Jayce,2,9,0.2222222222222222
2026-W31,LCS,Jhin,2,9,0.2222222222222222
2026-W31,LCS,Kai'Sa,2,9,0.2222222222222222
2026-W31,LCS,Kalista,2,9,0.2222222222222222
2026-W31,LCS,Lucian,2,9,0.2222222222222222
2026-W31,LCS,Milio,2,9,0.2222222222222222
2026-W31,LCS,Nautilus,2,9,0.2222222222222222
2026-W31,LCS,Orianna,2,9,0.2222222222222222
2026-W31,LCS,Renata Glasc,2,9,0.2222222222222222
2026-W31,LCS,Shen,2,9,0.2222222222222222
2026-W31,LCS,Sylas,2,9,0.2222222222222222
2026-W31,LCS,Vi,2,9,0.2222222222222222
2026-W31,LCS,Ahri,1,9,0.1111111111111111
2026-W31,LCS,Akali,1,9,0.1111111111111111
2026-W31,LCS,Alistar,1,9,0.1111111111111111
2026-W31,LCS,Anivia,1,9,0.1111111111111111
2026-W31,LCS,Annie,1,9,0.1111111111111111
2026-W31,LCS,Bard,1,9,0.1111111111111111
2026-W31,LCS,Jax,1,9,0.1111111111111111
2026-W31,LCS,K'Sante,1,9,0.1111111111111111
2026-W31,LCS,Miss Fortune,1,9,0.1111111111111111
2026-W31,LCS,Naafiri,1,9,0.1111111111111111
2026-W31,LCS,Nocturne,1,9,0.1111111111111111
2026-W31,LCS,Olaf,1,9,0.1111111111111111
2026-W31,LCS,Ornn,1,9,0.1111111111111111
2026-W31,LCS,Pantheon,1,9,0.1111111111111111
2026-W31,LCS,Rakan,1,9,0.1111111111111111
2026-W31,LCS,Rell,1,9,0.1111111111111111
2026-W31,LCS,Shyvana,1,9,0.1111111111111111
2026-W31,LCS,Skarner,1,9,0.1111111111111111
2026-W31,LCS,Syndra,1,9,0.1111111111111111
2026-W31,LCS,Trundle,1,9,0.1111111111111111
2026-W31,LCS,Twisted Fate,1,9,0.1111111111111111
2026-W31,LCS,Vayne,1,9,0.1111111111111111
2026-W31,LCS,Viktor,1,9,0.1111111111111111
2026-W31,LEC,Cassiopeia,6,15,0.4
2026-W31,LEC,Gnar,6,15,0.4
2026-W31,LEC,Leona,5,15,0.3333333333333333
2026-W31,LEC,Shen,5,15,0.3333333333333333
2026-W31,LEC,Syndra,5,15,0.3333333333333333
2026-W31,LEC,Viktor,5,15,0.3333333333333333
2026-W31,LEC,Ambessa,4,15,0.26666666666666666
2026-W31,LEC,Galio,4,15,0.26666666666666666
2026-W31,LEC,Jarvan IV,4,15,0.26666666666666666
2026-W31,LEC,Lee Sin,4,15,0.26666666666666666
2026-W31,LEC,Rell,4,15,0.26666666666666666
2026-W31,LEC,Rumble,4,15,0.26666666666666666
2026-W31,LEC,Vi,4,15,0.26666666666666666
2026-W31,LEC,Ziggs,4,15,0.26666666666666666
2026-W31,LEC,Alistar,3,15,0.2
2026-W31,LEC,Ezreal,3,15,0.2
2026-W31,LEC,Jayce,3,15,0.2
2026-W31,LEC,Nautilus,3,15,0.2
2026-W31,LEC,Orianna,3,15,0.2
2026-W31,LEC,Sivir,3,15,0.2
2026-W31,LEC,Skarner,3,15,0.2
2026-W31,LEC,Wukong,3,15,0.2
2026-W31,LEC,Xin Zhao,3,15,0.2
2026-W31,LEC,Akali,2,15,0.13333333333333333
2026-W31,LEC,Anivia,2,15,0.13333333333333333
2026-W31,LEC,Corki,2,15,0.13333333333333333
2026-W31,LEC,K'Sante,2,15,0.13333333333333333
2026-W31,LEC,Locke,2,15,0.13333333333333333
2026-W31,LEC,Lucian,2,15,0.13333333333333333
2026-W31,LEC,Lulu,2,15,0.13333333333333333
2026-W31,LEC,Naafiri,2,15,0.13333333333333333
2026-W31,LEC,Nocturne,2,15,0.13333333333333333
2026-W31,LEC,Olaf,2,15,0.13333333333333333
2026-W31,LEC,Pantheon,2,15,0.13333333333333333
2026-W31,LEC,Rakan,2,15,0.13333333333333333
2026-W31,LEC,Ryze,2,15,0.13333333333333333
2026-W31,LEC,Taliyah,2,15,0.13333333333333333
2026-W31,LEC,Trundle,2,15,0.13333333333333333
2026-W31,LEC,Varus,2,15,0.13333333333333333
2026-W31,LEC,Xayah,2,15,0.13333333333333333
2026-W31,LEC,Yunara,2,15,0.13333333333333333
2026-W31,LEC,Zaahen,2,15,0.13333333333333333
2026-W31,LEC,Aatrox,1,15,0.06666666666666667
2026-W31,LEC,Annie,1,15,0.06666666666666667
2026-W31,LEC,Ashe,1,15,0.06666666666666667
2026-W31,LEC,Bard,1,15,0.06666666666666667
2026-W31,LEC,Camille,1,15,0.06666666666666667
2026-W31,LEC,Dr. Mundo,1,15,0.06666666666666667
2026-W31,LEC,Gragas,1,15,0.06666666666666667
2026-W31,LEC,Jax,1,15,0.06666666666666667
2026-W31,LEC,Jhin,1,15,0.06666666666666667
2026-W31,LEC,Kai'Sa,1,15,0.06666666666666667
2026-W31,LEC,Kalista,1,15,0.06666666666666667
2026-W31,LEC,Neeko,1,15,0.06666666666666667
2026-W31,LEC,Renekton,1,15,0.06666666666666667
2026-W31,LEC,Seraphine,1,15,0.06666666666666667
2026-W31,LEC,Sylas,1,15,0.06666666666666667
2026-W31,LEC,Thresh,1,15,0.06666666666666667
2026-W31,LEC,Vayne,1,15,0.06666666666666667
2026-W31,LEC,Vladimir,1,15,0.06666666666666667
2026-W31,LEC,Volibear,1,15,0.06666666666666667
2026-W31,LEC,Yone,1,15,0.06666666666666667
2026-W31,LEC,Yorick,1,15,0.06666666666666667
2026-W31,LPL,Naafiri,12,30,0.4
2026-W31,LPL,Cassiopeia,11,30,0.36666666666666664
2026-W31,LPL,Rumble,11,30,0.36666666666666664
2026-W31,LPL,Shen,11,30,0.36666666666666664
2026-W31,LPL,Jarvan IV,10,30,0.3333333333333333
2026-W31,LPL,Ryze,10,30,0.3333333333333333
2026-W31,LPL,Gnar,9,30,0.3
2026-W31,LPL,Nautilus,9,30,0.3
2026-W31,LPL,Syndra,9,30,0.3
2026-W31,LPL,Ambessa,8,30,0.26666666666666666
2026-W31,LPL,Varus,8,30,0.26666666666666666
2026-W31,LPL,Alistar,7,30,0.23333333333333334
2026-W31,LPL,Ezreal,7,30,0.23333333333333334
2026-W31,LPL,Jayce,7,30,0.23333333333333334
2026-W31,LPL,Akali,6,30,0.2
2026-W31,LPL,Galio,6,30,0.2
2026-W31,LPL,K'Sante,6,30,0.2
2026-W31,LPL,Rell,6,30,0.2
2026-W31,LPL,Vi,6,30,0.2
2026-W31,LPL,Yorick,6,30,0.2
2026-W31,LPL,Ziggs,6,30,0.2
2026-W31,LPL,Lee Sin,5,30,0.16666666666666666
2026-W31,LPL,Nocturne,5,30,0.16666666666666666
2026-W31,LPL,Orianna,5,30,0.16666666666666666
2026-W31,LPL,Pantheon,5,30,0.16666666666666666
2026-W31,LPL,Seraphine,5,30,0.16666666666666666
2026-W31,LPL,Sivir,5,30,0.16666666666666666
2026-W31,LPL,Trundle,5,30,0.16666666666666666
2026-W31,LPL,Camille,4,30,0.13333333333333333
2026-W31,LPL,Jhin,4,30,0.13333333333333333
2026-W31,LPL,Locke,4,30,0.13333333333333333
2026-W31,LPL,Lucian,4,30,0.13333333333333333
2026-W31,LPL,Milio,4,30,0.13333333333333333
2026-W31,LPL,Olaf,4,30,0.13333333333333333
2026-W31,LPL,Rakan,4,30,0.13333333333333333
2026-W31,LPL,Viktor,4,30,0.13333333333333333
2026-W31,LPL,Corki,3,30,0.1
2026-W31,LPL,Lulu,3,30,0.1
2026-W31,LPL,Skarner,3,30,0.1
2026-W31,LPL,Sylas,3,30,0.1
2026-W31,LPL,Ahri,2,30,0.06666666666666667
2026-W31,LPL,Annie,2,30,0.06666666666666667
2026-W31,LPL,Ashe,2,30,0.06666666666666667
2026-W31,LPL,Bard,2,30,0.06666666666666667
2026-W31,LPL,Caitlyn,2,30,0.06666666666666667
2026-W31,LPL,Kai'Sa,2,30,0.06666666666666667
2026-W31,LPL,Malphite,2,30,0.06666666666666667
2026-W31,LPL,Mel,2,30,0.06666666666666667
2026-W31,LPL,Poppy,2,30,0.06666666666666667
2026-W31,LPL,Renekton,2,30,0.06666666666666667
2026-W31,LPL,Tristana,2,30,0.06666666666666667
2026-W31,LPL,Twisted Fate,2,30,0.06666666666666667
2026-W31,LPL,Vayne,2,30,0.06666666666666667
2026-W31,LPL,Wukong,2,30,0.06666666666666667
2026-W31,LPL,Yunara,2,30,0.06666666666666667
2026-W31,LPL,Anivia,1,30,0.03333333333333333
2026-W31,LPL,Aurora,1,30,0.03333333333333333
2026-W31,LPL,Dr. Mundo,1,30,0.03333333333333333
2026-W31,LPL,Draven,1,30,0.03333333333333333
2026-W31,LPL,Karma,1,30,0.03333333333333333
2026-W31,LPL,Kha'Zix,1,30,0.03333333333333333
2026-W31,LPL,Kog'Maw,1,30,0.03333333333333333
2026-W31,LPL,Leona,1,30,0.03333333333333333
2026-W31,LPL,Lux,1,30,0.03333333333333333
2026-W31,LPL,Neeko,1,30,0.03333333333333333
2026-W31,LPL,Ornn,1,30,0.03333333333333333
2026-W31,LPL,Pyke,1,30,0.03333333333333333
2026-W31,LPL,Qiyana,1,30,0.03333333333333333
2026-W31,LPL,Taliyah,1,30,0.03333333333333333
2026-W31,LPL,Vex,1,30,0.03333333333333333
2026-W31,LPL,Vladimir,1,30,0.03333333333333333
2026-W31,LPL,Xayah,1,30,0.03333333333333333
2026-W31,LPL,Xerath,1,30,0.03333333333333333
2026-W31,LPL,Xin Zhao,1,30,0.03333333333333333
2026-W31,LPL,Zeri,1,30,0.03333333333333333
2026-W32,LCK,Shen,10,24,0.4166666666666667
2026-W32,LCK,Ryze,9,24,0.375
2026-W32,LCK,Jarvan IV,8,24,0.3333333333333333
2026-W32,LCK,Jhin,8,24,0.3333333333333333
2026-W32,LCK,Lee Sin,8,24,0.3333333333333333
2026-W32,LCK,Ezreal,7,24,0.2916666666666667
2026-W32,LCK,Jayce,7,24,0.2916666666666667
2026-W32,LCK,Rumble,7,24,0.2916666666666667
2026-W32,LCK,Vi,7,24,0.2916666666666667
2026-W32,LCK,Viktor,7,24,0.2916666666666667
2026-W32,LCK,Camille,6,24,0.25
2026-W32,LCK,Corki,6,24,0.25
2026-W32,LCK,Lucian,6,24,0.25
2026-W32,LCK,Milio,6,24,0.25
2026-W32,LCK,Olaf,6,24,0.25
2026-W32,LCK,Pantheon,6,24,0.25
2026-W32,LCK,Syndra,6,24,0.25
2026-W32,LCK,Alistar,5,24,0.20833333333333334
2026-W32,LCK,Ambessa,5,24,0.20833333333333334
2026-W32,LCK,Cassiopeia,5,24,0.20833333333333334
2026-W32,LCK,Nautilus,5,24,0.20833333333333334
2026-W32,LCK,Anivia,4,24,0.16666666666666666
2026-W32,LCK,K'Sante,4,24,0.16666666666666666
2026-W32,LCK,Naafiri,4,24,0.16666666666666666
2026-W32,LCK,Nocturne,4,24,0.16666666666666666
2026-W32,LCK,Orianna,4,24,0.16666666666666666
2026-W32,LCK,Skarner,4,24,0.16666666666666666
2026-W32,LCK,Yorick,4,24,0.16666666666666666
2026-W32,LCK,Annie,3,24,0.125
2026-W32,LCK,Bard,3,24,0.125
2026-W32,LCK,Gnar,3,24,0.125
2026-W32,LCK,Leona,3,24,0.125
2026-W32,LCK,Miss Fortune,3,24,0.125
2026-W32,LCK,Varus,3,24,0.125
2026-W32,LCK,Xin Zhao,3,24,0.125
2026-W32,LCK,Yone,3,24,0.125
2026-W32,LCK,Ziggs,3,24,0.125
2026-W32,LCK,Caitlyn,2,24,0.08333333333333333
2026-W32,LCK,Galio,2,24,0.08333333333333333
2026-W32,LCK,Kai'Sa,2,24,0.08333333333333333
2026-W32,LCK,Kalista,2,24,0.08333333333333333
2026-W32,LCK,Karma,2,24,0.08333333333333333
2026-W32,LCK,Locke,2,24,0.08333333333333333
2026-W32,LCK,Lux,2,24,0.08333333333333333
2026-W32,LCK,Renata Glasc,2,24,0.08333333333333333
2026-W32,LCK,Sivir,2,24,0.08333333333333333
2026-W32,LCK,Xayah,2,24,0.08333333333333333
2026-W32,LCK,Zaahen,2,24,0.08333333333333333
2026-W32,LCK,Aatrox,1,24,0.041666666666666664
2026-W32,LCK,Ahri,1,24,0.041666666666666664
2026-W32,LCK,Akali,1,24,0.041666666666666664
2026-W32,LCK,Aurora,1,24,0.041666666666666664
2026-W32,LCK,Braum,1,24,0.041666666666666664
2026-W32,LCK,Cho'Gath,1,24,0.041666666666666664
2026-W32,LCK,Dr. Mundo,1,24,0.041666666666666664
2026-W32,LCK,Kog'Maw,1,24,0.041666666666666664
2026-W32,LCK,Lulu,1,24,0.041666666666666664
2026-W32,LCK,Mel,1,24,0.041666666666666664
2026-W32,LCK,Nidalee,1,24,0.041666666666666664
2026-W32,LCK,Ornn,1,24,0.041666666666666664
2026-W32,LCK,Poppy,1,24,0.041666666666666664
2026-W32,LCK,Qiyana,1,24,0.041666666666666664
2026-W32,LCK,Rell,1,24,0.041666666666666664
2026-W32,LCK,Renekton,1,24,0.041666666666666664
2026-W32,LCK,Sejuani,1,24,0.041666666666666664
2026-W32,LCK,Shyvana,1,24,0.041666666666666664
2026-W32,LCK,Taliyah,1,24,0.041666666666666664
2026-W32,LCK,Trundle,1,24,0.041666666666666664
2026-W32,LCK,Vayne,1,24,0.041666666666666664
2026-W32,LCK,Yunara,1,24,0.041666666666666664
2026-W32,LCK,Yuumi,1,24,0.041666666666666664
2026-W32,LCS,Ezreal,4,10,0.4
2026-W32,LCS,Gnar,4,10,0.4
2026-W32,LCS,Lucian,4,10,0.4
2026-W32,LCS,Ryze,4,10,0.4
2026-W32,LCS,Jarvan IV,3,10,0.3
2026-W32,LCS,Milio,3,10,0.3
2026-W32,LCS,Nautilus,3,10,0.3
2026-W32,LCS,Olaf,3,10,0.3
2026-W32,LCS,Wukong,3,10,0.3
2026-W32,LCS,Ambessa,2,10,0.2
2026-W32,LCS,Anivia,2,10,0.2
2026-W32,LCS,Annie,2,10,0.2
2026-W32,LCS,Bard,2,10,0.2
2026-W32,LCS,Camille,2,10,0.2
2026-W32,LCS,Cassiopeia,2,10,0.2
2026-W32,LCS,Galio,2,10,0.2
2026-W32,LCS,Jayce,2,10,0.2
2026-W32,LCS,Jhin,2,10,0.2
2026-W32,LCS,K'Sante,2,10,0.2
2026-W32,LCS,Karma,2,10,0.2
2026-W32,LCS,Lee Sin,2,10,0.2
2026-W32,LCS,Leona,2,10,0.2
2026-W32,LCS,Naafiri,2,10,0.2
2026-W32,LCS,Nocturne,2,10,0.2
2026-W32,LCS,Orianna,2,10,0.2
2026-W32,LCS,Renekton,2,10,0.2
2026-W32,LCS,Shen,2,10,0.2
2026-W32,LCS,Sylas,2,10,0.2
2026-W32,LCS,Taliyah,2,10,0.2
2026-W32,LCS,Vi,2,10,0.2
2026-W32,LCS,Viktor,2,10,0.2
2026-W32,LCS,Xin Zhao,2,10,0.2
2026-W32,LCS,Ziggs,2,10,0.2
2026-W32,LCS,Aatrox,1,10,0.1
2026-W32,LCS,Caitlyn,1,10,0.1
2026-W32,LCS,Hwei,1,10,0.1
2026-W32,LCS,Jax,1,10,0.1
2026-W32,LCS,Lissandra,1,10,0.1
2026-W32,LCS,Lulu,1,10,0.1
2026-W32,LCS,Miss Fortune,1,10,0.1
2026-W32,LCS,Nami,1,10,0.1
2026-W32,LCS,Pantheon,1,10,0.1
2026-W32,LCS,Poppy,1,10,0.1
2026-W32,LCS,Rakan,1,10,0.1
2026-W32,LCS,Rell,1,10,0.1
2026-W32,LCS,Senna,1,10,0.1
2026-W32,LCS,Skarner,1,10,0.1
2026-W32,LCS,Swain,1,10,0.1
2026-W32,LCS,Syndra,1,10,0.1
2026-W32,LCS,Trundle,1,10,0.1
2026-W32,LCS,Varus,1,10,0.1
2026-W32,LCS,Vayne,1,10,0.1
2026-W32,LCS,Yunara,1,10,0.1
2026-W32,LCS,Zaahen,1,10,0.1
2026-W32,LEC,Shen,8,19,0.42105263157894735
2026-W32,LEC,Viktor,8,19,0.42105263157894735
2026-W32,LEC,Ambessa,6,19,0.3157894736842105
2026-W32,LEC,Corki,6,19,0.3157894736842105
2026-W32,LEC,Jarvan IV,6,19,0.3157894736842105
2026-W32,LEC,Syndra,6,19,0.3157894736842105
2026-W32,LEC,Anivia,5,19,0.2631578947368421
2026-W32,LEC,Cassiopeia,5,19,0.2631578947368421
2026-W32,LEC,Ezreal,5,19,0.2631578947368421
2026-W32,LEC,Leona,5,19,0.2631578947368421
2026-W32,LEC,Lucian,5,19,0.2631578947368421
2026-W32,LEC,Orianna,5,19,0.2631578947368421
2026-W32,LEC,Rumble,5,19,0.2631578947368421
2026-W32,LEC,K'Sante,4,19,0.21052631578947367
2026-W32,LEC,Lee Sin,4,19,0.21052631578947367
2026-W32,LEC,Naafiri,4,19,0.21052631578947367
2026-W32,LEC,Nautilus,4,19,0.21052631578947367
2026-W32,LEC,Nocturne,4,19,0.21052631578947367
2026-W32,LEC,Rell,4,19,0.21052631578947367
2026-W32,LEC,Renekton,4,19,0.21052631578947367
2026-W32,LEC,Vi,4,19,0.21052631578947367
2026-W32,LEC,Zaahen,4,19,0.21052631578947367
2026-W32,LEC,Akali,3,19,0.15789473684210525
2026-W32,LEC,Alistar,3,19,0.15789473684210525
2026-W32,LEC,Bard,3,19,0.15789473684210525
2026-W32,LEC,Camille,3,19,0.15789473684210525
2026-W32,LEC,Gnar,3,19,0.15789473684210525
2026-W32,LEC,Milio,3,19,0.15789473684210525
2026-W32,LEC,Olaf,3,19,0.15789473684210525
2026-W32,LEC,Ryze,3,19,0.15789473684210525
2026-W32,LEC,Wukong,3,19,0.15789473684210525
2026-W32,LEC,Ziggs,3,19,0.15789473684210525
2026-W32,LEC,Annie,2,19,0.10526315789473684
2026-W32,LEC,Azir,2,19,0.10526315789473684
2026-W32,LEC,Jayce,2,19,0.10526315789473684
2026-W32,LEC,Jhin,2,19,0.10526315789473684
2026-W32,LEC,Lulu,2,19,0.10526315789473684
2026-W32,LEC,Pantheon,2,19,0.10526315789473684
2026-W32,LEC,Skarner,2,19,0.10526315789473684
2026-W32,LEC,Taliyah,2,19,0.10526315789473684
2026-W32,LEC,Trundle,2,19,0.10526315789473684
2026-W32,LEC,Twisted Fate,2,19,0.10526315789473684
2026-W32,LEC,Varus,2,19,0.10526315789473684
2026-W32,LEC,Xin Zhao,2,19,0.10526315789473684
2026-W32,LEC,Yunara,2,19,0.10526315789473684
2026-W32,LEC,Zeri,2,19,0.10526315789473684
2026-W32,LEC,Ashe,1,19,0.05263157894736842
2026-W32,LEC,Braum,1,19,0.05263157894736842
2026-W32,LEC,Caitlyn,1,19,0.05263157894736842
2026-W32,LEC,Galio,1,19,0.05263157894736842
2026-W32,LEC,Jax,1,19,0.05263157894736842
2026-W32,LEC,Kai'Sa,1,19,0.05263157894736842
2026-W32,LEC,Kalista,1,19,0.05263157894736842
2026-W32,LEC,Kled,1,19,0.05263157894736842
2026-W32,LEC,Locke,1,19,0.05263157894736842
2026-W32,LEC,Maokai,1,19,0.05263157894736842
2026-W32,LEC,Miss Fortune,1,19,0.05263157894736842
2026-W32,LEC,Ornn,1,19,0.05263157894736842
2026-W32,LEC,Poppy,1,19,0.05263157894736842
2026-W32,LEC,Rakan,1,19,0.05263157894736842
2026-W32,LEC,Renata Glasc,1,19,0.05263157894736842
2026-W32,LEC,Seraphine,1,19,0.05263157894736842
2026-W32,LEC,Sion,1,19,0.05263157894736842
2026-W32,LEC,Sylas,1,19,0.05263157894736842
2026-W32,LEC,Vayne,1,19,0.05263157894736842
2026-W32,LEC,Warwick,1,19,0.05263157894736842
2026-W32,LEC,Yorick,1,19,0.05263157894736842
2026-W32,LPL,Rumble,12,31,0.3870967741935484
2026-W32,LPL,Ryze,11,31,0.3548387096774194
2026-W32,LPL,Vi,11,31,0.3548387096774194
2026-W32,LPL,Naafiri,10,31,0.3225806451612903
2026-W32,LPL,Corki,9,31,0.2903225806451613
2026-W32,LPL,Jarvan IV,9,31,0.2903225806451613
2026-W32,LPL,Nautilus,9,31,0.2903225806451613
2026-W32,LPL,Shen,9,31,0.2903225806451613
2026-W32,LPL,Syndra,9,31,0.2903225806451613
2026-W32,LPL,Ahri,8,31,0.25806451612903225
2026-W32,LPL,Ambessa,8,31,0.25806451612903225
2026-W32,LPL,Olaf,8,31,0.25806451612903225
2026-W32,LPL,Camille,7,31,0.22580645161290322
2026-W32,LPL,Ezreal,7,31,0.22580645161290322
2026-W32,LPL,Jhin,7,31,0.22580645161290322
2026-W32,LPL,Lucian,7,31,0.22580645161290322
2026-W32,LPL,Pantheon,7,31,0.22580645161290322
2026-W32,LPL,Viktor,7,31,0.22580645161290322
2026-W32,LPL,Milio,6,31,0.1935483870967742
2026-W32,LPL,Orianna,6,31,0.1935483870967742
2026-W32,LPL,Rell,6,31,0.1935483870967742
2026-W32,LPL,Varus,6,31,0.1935483870967742
2026-W32,LPL,Akali,5,31,0.16129032258064516
2026-W32,LPL,Gnar,5,31,0.16129032258064516
2026-W32,LPL,K'Sante,5,31,0.16129032258064516
2026-W32,LPL,Lee Sin,5,31,0.16129032258064516
2026-W32,LPL,Skarner,5,31,0.16129032258064516
2026-W32,LPL,Sylas,5,31,0.16129032258064516
2026-W32,LPL,Ziggs,5,31,0.16129032258064516
2026-W32,LPL,Alistar,4,31,0.12903225806451613
2026-W32,LPL,Cassiopeia,4,31,0.12903225806451613
2026-W32,LPL,Dr. Mundo,4,31,0.12903225806451613
2026-W32,LPL,Jayce,4,31,0.12903225806451613
2026-W32,LPL,Kai'Sa,4,31,0.12903225806451613
2026-W32,LPL,Leona,4,31,0.12903225806451613
2026-W32,LPL,Locke,4,31,0.12903225806451613
2026-W32,LPL,Nocturne,4,31,0.12903225806451613
2026-W32,LPL,Poppy,4,31,0.12903225806451613
2026-W32,LPL,Renekton,4,31,0.12903225806451613
2026-W32,LPL,Seraphine,4,31,0.12903225806451613
2026-W32,LPL,Sivir,4,31,0.12903225806451613
2026-W32,LPL,Trundle,4,31,0.12903225806451613
2026-W32,LPL,Xayah,4,31,0.12903225806451613
2026-W32,LPL,Xerath,4,31,0.12903225806451613
2026-W32,LPL,Ashe,3,31,0.0967741935483871
2026-W32,LPL,Bard,3,31,0.0967741935483871
2026-W32,LPL,Jax,3,31,0.0967741935483871
2026-W32,LPL,Rakan,3,31,0.0967741935483871
2026-W32,LPL,Yorick,3,31,0.0967741935483871
2026-W32,LPL,Aatrox,2,31,0.06451612903225806
2026-W32,LPL,Draven,2,31,0.06451612903225806
2026-W32,LPL,Karma,2,31,0.06451612903225806
2026-W32,LPL,Neeko,2,31,0.06451612903225806
2026-W32,LPL,Qiyana,2,31,0.06451612903225806
2026-W32,LPL,Zaahen,2,31,0.06451612903225806
2026-W32,LPL,Aurora,1,31,0.03225806451612903
2026-W32,LPL,Galio,1,31,0.03225806451612903
2026-W32,LPL,Lissandra,1,31,0.03225806451612903
2026-W32,LPL,Lulu,1,31,0.03225806451612903
2026-W32,LPL,Nidalee,1,31,0.03225806451612903
2026-W32,LPL,Vayne,1,31,0.03225806451612903
2026-W32,LPL,Wukong,1,31,0.03225806451612903
2026-W32,LPL,Xin Zhao,1,31,0.03225806451612903
2026-W32,LPL,Yunara,1,31,0.03225806451612903
2026-W33,LCK,Olaf,10,25,0.4
2026-W33,LCK,Ezreal,9,25,0.36
2026-W33,LCK,Jhin,9,25,0.36
2026-W33,LCK,Jarvan IV,8,25,0.32
2026-W33,LCK,Karma,8,25,0.32
2026-W33,LCK,Lee Sin,7,25,0.28
2026-W33,LCK,Bard,6,25,0.24
2026-W33,LCK,Corki,6,25,0.24
2026-W33,LCK,Jayce,6,25,0.24
2026-W33,LCK,K'Sante,6,25,0.24
2026-W33,LCK,Nocturne,6,25,0.24
2026-W33,LCK,Orianna,6,25,0.24
2026-W33,LCK,Pantheon,6,25,0.24
2026-W33,LCK,Ryze,6,25,0.24
2026-W33,LCK,Shen,6,25,0.24
2026-W33,LCK,Syndra,6,25,0.24
2026-W33,LCK,Vi,6,25,0.24
2026-W33,LCK,Xin Zhao,6,25,0.24
2026-W33,LCK,Akali,5,25,0.2
2026-W33,LCK,Ambessa,5,25,0.2
2026-W33,LCK,Caitlyn,5,25,0.2
2026-W33,LCK,Cassiopeia,5,25,0.2
2026-W33,LCK,Naafiri,5,25,0.2
2026-W33,LCK,Rumble,5,25,0.2
2026-W33,LCK,Yunara,5,25,0.2
2026-W33,LCK,Alistar,4,25,0.16
2026-W33,LCK,Annie,4,25,0.16
2026-W33,LCK,Galio,4,25,0.16
2026-W33,LCK,Kled,4,25,0.16
2026-W33,LCK,Lulu,4,25,0.16
2026-W33,LCK,Nautilus,4,25,0.16
2026-W33,LCK,Rakan,4,25,0.16
2026-W33,LCK,Vayne,4,25,0.16
2026-W33,LCK,Aurora,3,25,0.12
2026-W33,LCK,Jax,3,25,0.12
2026-W33,LCK,Kai'Sa,3,25,0.12
2026-W33,LCK,Locke,3,25,0.12
2026-W33,LCK,Sivir,3,25,0.12
2026-W33,LCK,Viktor,3,25,0.12
2026-W33,LCK,Ziggs,3,25,0.12
2026-W33,LCK,Aatrox,2,25,0.08
2026-W33,LCK,Ahri,2,25,0.08
2026-W33,LCK,Camille,2,25,0.08
2026-W33,LCK,Gnar,2,25,0.08
2026-W33,LCK,Leona,2,25,0.08
2026-W33,LCK,Lucian,2,25,0.08
2026-W33,LCK,Milio,2,25,0.08
2026-W33,LCK,Neeko,2,25,0.08
2026-W33,LCK,Rell,2,25,0.08
2026-W33,LCK,Seraphine,2,25,0.08
2026-W33,LCK,Trundle,2,25,0.08
2026-W33,LCK,Twisted Fate,2,25,0.08
2026-W33,LCK,Wukong,2,25,0.08
2026-W33,LCK,Xayah,2,25,0.08
2026-W33,LCK,Dr. Mundo,1,25,0.04
2026-W33,LCK,Elise,1,25,0.04
2026-W33,LCK,Kalista,1,25,0.04
2026-W33,LCK,Lissandra,1,25,0.04
2026-W33,LCK,Lux,1,25,0.04
2026-W33,LCK,Poppy,1,25,0.04
2026-W33,LCK,Renata Glasc,1,25,0.04
2026-W33,LCK,Skarner,1,25,0.04
2026-W33,LCK,Taliyah,1,25,0.04
2026-W33,LCK,Udyr,1,25,0.04
2026-W33,LCK,Yorick,1,25,0.04
2026-W33,LCS,Ezreal,4,9,0.4444444444444444
2026-W33,LCS,Jayce,3,9,0.3333333333333333
2026-W33,LCS,Jhin,3,9,0.3333333333333333
2026-W33,LCS,Karma,3,9,0.3333333333333333
2026-W33,LCS,Leona,3,9,0.3333333333333333
2026-W33,LCS,Orianna,3,9,0.3333333333333333
2026-W33,LCS,Shen,3,9,0.3333333333333333
2026-W33,LCS,Syndra,3,9,0.3333333333333333
2026-W33,LCS,Ambessa,2,9,0.2222222222222222
2026-W33,LCS,Azir,2,9,0.2222222222222222
2026-W33,LCS,Bard,2,9,0.2222222222222222
2026-W33,LCS,Caitlyn,2,9,0.2222222222222222
2026-W33,LCS,Cassiopeia,2,9,0.2222222222222222
2026-W33,LCS,Gnar,2,9,0.2222222222222222
2026-W33,LCS,Jarvan IV,2,9,0.2222222222222222
2026-W33,LCS,K'Sante,2,9,0.2222222222222222
2026-W33,LCS,Kled,2,9,0.2222222222222222
2026-W33,LCS,Lucian,2,9,0.2222222222222222
2026-W33,LCS,Lulu,2,9,0.2222222222222222
2026-W33,LCS,Naafiri,2,9,0.2222222222222222
2026-W33,LCS,Olaf,2,9,0.2222222222222222
2026-W33,LCS,Rumble,2,9,0.2222222222222222
2026-W33,LCS,Trundle,2,9,0.2222222222222222
2026-W33,LCS,Varus,2,9,0.2222222222222222
2026-W33,LCS,Vi,2,9,0.2222222222222222
2026-W33,LCS,Wukong,2,9,0.2222222222222222
2026-W33,LCS,Xin Zhao,2,9,0.2222222222222222
2026-W33,LCS,Yone,2,9,0.2222222222222222
2026-W33,LCS,Yunara,2,9,0.2222222222222222
2026-W33,LCS,Ahri,1,9,0.1111111111111111
2026-W33,LCS,Alistar,1,9,0.1111111111111111
2026-W33,LCS,Anivia,1,9,0.1111111111111111
2026-W33,LCS,Aurora,1,9,0.1111111111111111
2026-W33,LCS,Kai'Sa,1,9,0.1111111111111111
2026-W33,LCS,Kalista,1,9,0.1111111111111111
2026-W33,LCS,Kha'Zix,1,9,0.1111111111111111
2026-W33,LCS,Locke,1,9,0.1111111111111111
2026-W33,LCS,Milio,1,9,0.1111111111111111
2026-W33,LCS,Nami,1,9,0.1111111111111111
2026-W33,LCS,Nautilus,1,9,0.1111111111111111
2026-W33,LCS,Ornn,1,9,0.1111111111111111
2026-W33,LCS,Pantheon,1,9,0.1111111111111111
2026-W33,LCS,Poppy,1,9,0.1111111111111111
2026-W33,LCS,Renata Glasc,1,9,0.1111111111111111
2026-W33,LCS,Renekton,1,9,0.1111111111111111
2026-W33,LCS,Ryze,1,9,0.1111111111111111
2026-W33,LCS,Sejuani,1,9,0.1111111111111111
2026-W33,LCS,Skarner,1,9,0.1111111111111111
2026-W33,LCS,Sylas,1,9,0.1111111111111111
2026-W33,LCS,Taliyah,1,9,0.1111111111111111
2026-W33,LCS,Viktor,1,9,0.1111111111111111
2026-W33,LCS,Zaahen,1,9,0.1111111111111111
2026-W33,LEC,Alistar,6,17,0.35294117647058826
2026-W33,LEC,Corki,6,17,0.35294117647058826
2026-W33,LEC,Jhin,6,17,0.35294117647058826
2026-W33,LEC,Rumble,6,17,0.35294117647058826
2026-W33,LEC,Bard,5,17,0.29411764705882354
2026-W33,LEC,Ezreal,5,17,0.29411764705882354
2026-W33,LEC,Gnar,5,17,0.29411764705882354
2026-W33,LEC,Jarvan IV,5,17,0.29411764705882354
2026-W33,LEC,Lee Sin,5,17,0.29411764705882354
2026-W33,LEC,Orianna,5,17,0.29411764705882354
2026-W33,LEC,Pantheon,5,17,0.29411764705882354
2026-W33,LEC,Rell,5,17,0.29411764705882354
2026-W33,LEC,Ryze,5,17,0.29411764705882354
2026-W33,LEC,Syndra,5,17,0.29411764705882354
2026-W33,LEC,Varus,5,17,0.29411764705882354
2026-W33,LEC,Viktor,5,17,0.29411764705882354
2026-W33,LEC,Jayce,4,17,0.23529411764705882
2026-W33,LEC,Leona,4,17,0.23529411764705882
2026-W33,LEC,Lucian,4,17,0.23529411764705882
2026-W33,LEC,Milio,4,17,0.23529411764705882
2026-W33,LEC,Nocturne,4,17,0.23529411764705882
2026-W33,LEC,Vi,4,17,0.23529411764705882
2026-W33,LEC,Xin Zhao,4,17,0.23529411764705882
2026-W33,LEC,Ambessa,3,17,0.17647058823529413
2026-W33,LEC,Anivia,3,17,0.17647058823529413
2026-W33,LEC,Cassiopeia,3,17,0.17647058823529413
2026-W33,LEC,Galio,3,17,0.17647058823529413
2026-W33,LEC,K'Sante,3,17,0.17647058823529413
2026-W33,LEC,Olaf,3,17,0.17647058823529413
2026-W33,LEC,Shen,3,17,0.17647058823529413
2026-W33,LEC,Skarner,3,17,0.17647058823529413
2026-W33,LEC,Aatrox,2,17,0.11764705882352941
2026-W33,LEC,Ahri,2,17,0.11764705882352941
2026-W33,LEC,Akali,2,17,0.11764705882352941
2026-W33,LEC,Kai'Sa,2,17,0.11764705882352941
2026-W33,LEC,Karma,2,17,0.11764705882352941
2026-W33,LEC,Nautilus,2,17,0.11764705882352941
2026-W33,LEC,Sylas,2,17,0.11764705882352941
2026-W33,LEC,Twisted Fate,2,17,0.11764705882352941
2026-W33,LEC,Azir,1,17,0.058823529411764705
2026-W33,LEC,Caitlyn,1,17,0.058823529411764705
2026-W33,LEC,Camille,1,17,0.058823529411764705
2026-W33,LEC,LeBlanc,1,17,0.058823529411764705
2026-W33,LEC,Lulu,1,17,0.058823529411764705
2026-W33,LEC,Naafiri,1,17,0.058823529411764705
2026-W33,LEC,Ornn,1,17,0.058823529411764705
2026-W33,LEC,Poppy,1,17,0.058823529411764705
2026-W33,LEC,Rakan,1,17,0.058823529411764705
2026-W33,LEC,Renekton,1,17,0.058823529411764705
2026-W33,LEC,Sejuani,1,17,0.058823529411764705
2026-W33,LEC,Seraphine,1,17,0.058823529411764705
2026-W33,LEC,Trundle,1,17,0.058823529411764705
2026-W33,LEC,Wukong,1,17,0.058823529411764705
2026-W33,LEC,Xayah,1,17,0.058823529411764705
2026-W33,LEC,Xerath,1,17,0.058823529411764705
2026-W33,LEC,Yunara,1,17,0.058823529411764705
2026-W33,LEC,Ziggs,1,17,0.058823529411764705
2026-W33,LPL,Lee Sin,12,30,0.4
2026-W33,LPL,Ambessa,11,30,0.36666666666666664
2026-W33,LPL,Ashe,11,30,0.36666666666666664
2026-W33,LPL,Rumble,11,30,0.36666666666666664
2026-W33,LPL,Seraphine,11,30,0.36666666666666664
2026-W33,LPL,Naafiri,10,30,0.3333333333333333
2026-W33,LPL,Jarvan IV,9,30,0.3
2026-W33,LPL,Jhin,9,30,0.3
2026-W33,LPL,Ryze,9,30,0.3
2026-W33,LPL,Karma,7,30,0.23333333333333334
2026-W33,LPL,Lucian,7,30,0.23333333333333334
2026-W33,LPL,Milio,7,30,0.23333333333333334
2026-W33,LPL,Nocturne,7,30,0.23333333333333334
2026-W33,LPL,Olaf,7,30,0.23333333333333334
2026-W33,LPL,Orianna,7,30,0.23333333333333334
2026-W33,LPL,Varus,7,30,0.23333333333333334
2026-W33,LPL,Ezreal,6,30,0.2
2026-W33,LPL,Gnar,6,30,0.2
2026-W33,LPL,Locke,6,30,0.2
2026-W33,LPL,Nautilus,6,30,0.2
2026-W33,LPL,Syndra,6,30,0.2
2026-W33,LPL,Vi,6,30,0.2
2026-W33,LPL,Galio,5,30,0.16666666666666666
2026-W33,LPL,Shen,5,30,0.16666666666666666
2026-W33,LPL,Skarner,5,30,0.16666666666666666
2026-W33,LPL,Ahri,4,30,0.13333333333333333
2026-W33,LPL,Akali,4,30,0.13333333333333333
2026-W33,LPL,Bard,4,30,0.13333333333333333
2026-W33,LPL,Camille,4,30,0.13333333333333333
2026-W33,LPL,Corki,4,30,0.13333333333333333
2026-W33,LPL,Jax,4,30,0.13333333333333333
2026-W33,LPL,K'Sante,4,30,0.13333333333333333
2026-W33,LPL,Rell,4,30,0.13333333333333333
2026-W33,LPL,Renekton,4,30,0.13333333333333333
2026-W33,LPL,Twisted Fate,4,30,0.13333333333333333
2026-W33,LPL,Xin Zhao,4,30,0.13333333333333333
2026-W33,LPL,Alistar,3,30,0.1
2026-W33,LPL,Aurora,3,30,0.1
2026-W33,LPL,Caitlyn,3,30,0.1
2026-W33,LPL,Cassiopeia,3,30,0.1
2026-W33,LPL,Lulu,3,30,0.1
2026-W33,LPL,Pantheon,3,30,0.1
2026-W33,LPL,Rakan,3,30,0.1
2026-W33,LPL,Sivir,3,30,0.1
2026-W33,LPL,Trundle,3,30,0.1
2026-W33,LPL,Viktor,3,30,0.1
2026-W33,LPL,Yorick,3,30,0.1
2026-W33,LPL,Zaahen,3,30,0.1
2026-W33,LPL,Ziggs,3,30,0.1
2026-W33,LPL,Anivia,2,30,0.06666666666666667
2026-W33,LPL,Annie,2,30,0.06666666666666667
2026-W33,LPL,Jayce,2,30,0.06666666666666667
2026-W33,LPL,Kalista,2,30,0.06666666666666667
2026-W33,LPL,Renata Glasc,2,30,0.06666666666666667
2026-W33,LPL,Sylas,2,30,0.06666666666666667
2026-W33,LPL,Aphelios,1,30,0.03333333333333333
2026-W33,LPL,Kled,1,30,0.03333333333333333
2026-W33,LPL,Kog'Maw,1,30,0.03333333333333333
2026-W33,LPL,Mel,1,30,0.03333333333333333
2026-W33,LPL,Neeko,1,30,0.03333333333333333
2026-W33,LPL,Qiyana,1,30,0.03333333333333333
2026-W33,LPL,Thresh,1,30,0.03333333333333333
2026-W33,LPL,Tristana,1,30,0.03333333333333333
2026-W33,LPL,Vayne,1,30,0.03333333333333333
2026-W33,LPL,Xayah,1,30,0.03333333333333333
2026-W33,LPL,Xerath,1,30,0.03333333333333333
2026-W33,LPL,Yunara,1,30,0.03333333333333333
2026-W34,LCK,Ezreal,9,25,0.36
2026-W34,LCK,Olaf,9,25,0.36
2026-W34,LCK,Ryze,9,25,0.36
2026-W34,LCK,Lee Sin,8,25,0.32
2026-W34,LCK,Lulu,8,25,0.32
2026-W34,LCK,Karma,7,25,0.28
2026-W34,LCK,Orianna,7,25,0.28
2026-W34,LCK,Pantheon,7,25,0.28
2026-W34,LCK,Syndra,7,25,0.28
2026-W34,LCK,Yunara,7,25,0.28
2026-W34,LCK,Caitlyn,6,25,0.24
2026-W34,LCK,Jarvan IV,6,25,0.24
2026-W34,LCK,Jayce,6,25,0.24
2026-W34,LCK,Jhin,6,25,0.24
2026-W34,LCK,K'Sante,6,25,0.24
2026-W34,LCK,Seraphine,6,25,0.24
2026-W34,LCK,Wukong,6,25,0.24
2026-W34,LCK,Bard,5,25,0.2
2026-W34,LCK,Camille,5,25,0.2
2026-W34,LCK,Galio,5,25,0.2
2026-W34,LCK,Lucian,5,25,0.2
2026-W34,LCK,Milio,5,25,0.2
2026-W34,LCK,Naafiri,5,25,0.2
2026-W34,LCK,Ahri,4,25,0.16
2026-W34,LCK,Alistar,4,25,0.16
2026-W34,LCK,Nocturne,4,25,0.16
2026-W34,LCK,Shen,4,25,0.16
2026-W34,LCK,Ambessa,3,25,0.12
2026-W34,LCK,Annie,3,25,0.12
2026-W34,LCK,Cassiopeia,3,25,0.12
2026-W34,LCK,Gnar,3,25,0.12
2026-W34,LCK,Jax,3,25,0.12
2026-W34,LCK,Kalista,3,25,0.12
2026-W34,LCK,Renata Glasc,3,25,0.12
2026-W34,LCK,Rumble,3,25,0.12
2026-W34,LCK,Skarner,3,25,0.12
2026-W34,LCK,Twisted Fate,3,25,0.12
2026-W34,LCK,Viktor,3,25,0.12
2026-W34,LCK,Xin Zhao,3,25,0.12
2026-W34,LCK,Anivia,2,25,0.08
2026-W34,LCK,Ashe,2,25,0.08
2026-W34,LCK,Corki,2,25,0.08
2026-W34,LCK,Gwen,2,25,0.08
2026-W34,LCK,Kled,2,25,0.08
2026-W34,LCK,Lux,2,25,0.08
2026-W34,LCK,Neeko,2,25,0.08
2026-W34,LCK,Rakan,2,25,0.08
2026-W34,LCK,Renekton,2,25,0.08
2026-W34,LCK,Trundle,2,25,0.08
2026-W34,LCK,Vayne,2,25,0.08
2026-W34,LCK,Vi,2,25,0.08
2026-W34,LCK,Xayah,2,25,0.08
2026-W34,LCK,Yorick,2,25,0.08
2026-W34,LCK,Ziggs,2,25,0.08
2026-W34,LCK,Akali,1,25,0.04
2026-W34,LCK,Aurora,1,25,0.04
2026-W34,LCK,Azir,1,25,0.04
2026-W34,LCK,Gragas,1,25,0.04
2026-W34,LCK,Kennen,1,25,0.04
2026-W34,LCK,Kha'Zix,1,25,0.04
2026-W34,LCK,Kog'Maw,1,25,0.04
2026-W34,LCK,Lissandra,1,25,0.04
2026-W34,LCK,Locke,1,25,0.04
2026-W34,LCK,Maokai,1,25,0.04
2026-W34,LCK,Mel,1,25,0.04
2026-W34,LCK,Mordekaiser,1,25,0.04
2026-W34,LCK,Ornn,1,25,0.04
2026-W34,LCK,Qiyana,1,25,0.04
2026-W34,LCK,Sivir,1,25,0.04
2026-W34,LCK,Taliyah,1,25,0.04
2026-W34,LCK,Varus,1,25,0.04
2026-W34,LCK,Zaahen,1,25,0.04
2026-W34,LCS,Ryze,5,9,0.5555555555555556
2026-W34,LCS,Ezreal,4,9,0.4444444444444444
2026-W34,LCS,Jarvan IV,4,9,0.4444444444444444
2026-W34,LCS,K'Sante,4,9,0.4444444444444444
2026-W34,LCS,Lucian,4,9,0.4444444444444444
2026-W34,LCS,Milio,4,9,0.4444444444444444
2026-W34,LCS,Caitlyn,3,9,0.3333333333333333
2026-W34,LCS,Gnar,3,9,0.3333333333333333
2026-W34,LCS,Karma,3,9,0.3333333333333333
2026-W34,LCS,Lee Sin,3,9,0.3333333333333333
2026-W34,LCS,Nautilus,3,9,0.3333333333333333
2026-W34,LCS,Orianna,3,9,0.3333333333333333
2026-W34,LCS,Ahri,2,9,0.2222222222222222
2026-W34,LCS,Ambessa,2,9,0.2222222222222222
2026-W34,LCS,Azir,2,9,0.2222222222222222
2026-W34,LCS,Bard,2,9,0.2222222222222222
2026-W34,LCS,Camille,2,9,0.2222222222222222
2026-W34,LCS,Jhin,2,9,0.2222222222222222
2026-W34,LCS,Olaf,2,9,0.2222222222222222
2026-W34,LCS,Pantheon,2,9,0.2222222222222222
2026-W34,LCS,Rumble,2,9,0.2222222222222222
2026-W34,LCS,Seraphine,2,9,0.2222222222222222
2026-W34,LCS,Shen,2,9,0.2222222222222222
2026-W34,LCS,Shyvana,2,9,0.2222222222222222
2026-W34,LCS,Trundle,2,9,0.2222222222222222
2026-W34,LCS,Viktor,2,9,0.2222222222222222
2026-W34,LCS,Xin Zhao,2,9,0.2222222222222222
2026-W34,LCS,Galio,1,9,0.1111111111111111
2026-W34,LCS,Hwei,1,9,0.1111111111111111
2026-W34,LCS,Ivern,1,9,0.1111111111111111
2026-W34,LCS,Jayce,1,9,0.1111111111111111
2026-W34,LCS,Kled,1,9,0.1111111111111111
2026-W34,LCS,Locke,1,9,0.1111111111111111
2026-W34,LCS,Lulu,1,9,0.1111111111111111
2026-W34,LCS,Lux,1,9,0.1111111111111111
2026-W34,LCS,Miss Fortune,1,9,0.1111111111111111
2026-W34,LCS,Naafiri,1,9,0.1111111111111111
2026-W34,LCS,Nocturne,1,9,0.1111111111111111
2026-W34,LCS,Senna,1,9,0.1111111111111111
2026-W34,LCS,Sion,1,9,0.1111111111111111
2026-W34,LCS,Syndra,1,9,0.1111111111111111
2026-W34,LCS,Twisted Fate,1,9,0.1111111111111111
2026-W34,LCS,Yunara,1,9,0.1111111111111111
2026-W34,LCS,Ziggs,1,9,0.1111111111111111
2026-W34,LEC,Rumble,8,18,0.4444444444444444
2026-W34,LEC,Jarvan IV,7,18,0.3888888888888889
2026-W34,LEC,Jhin,6,18,0.3333333333333333
2026-W34,LEC,Lucian,6,18,0.3333333333333333
2026-W34,LEC,Ryze,6,18,0.3333333333333333
2026-W34,LEC,Viktor,6,18,0.3333333333333333
2026-W34,LEC,Ambessa,5,18,0.2777777777777778
2026-W34,LEC,Bard,5,18,0.2777777777777778
2026-W34,LEC,Ezreal,5,18,0.2777777777777778
2026-W34,LEC,Milio,5,18,0.2777777777777778
2026-W34,LEC,Orianna,5,18,0.2777777777777778
2026-W34,LEC,Vi,5,18,0.2777777777777778
2026-W34,LEC,Xin Zhao,5,18,0.2777777777777778
2026-W34,LEC,Aatrox,4,18,0.2222222222222222
2026-W34,LEC,Ashe,4,18,0.2222222222222222
2026-W34,LEC,Caitlyn,4,18,0.2222222222222222
2026-W34,LEC,Leona,4,18,0.2222222222222222
2026-W34,LEC,Nautilus,4,18,0.2222222222222222
2026-W34,LEC,Pantheon,4,18,0.2222222222222222
2026-W34,LEC,Seraphine,4,18,0.2222222222222222
2026-W34,LEC,Syndra,4,18,0.2222222222222222
2026-W34,LEC,Gnar,3,18,0.16666666666666666
2026-W34,LEC,Lee Sin,3,18,0.16666666666666666
2026-W34,LEC,Rakan,3,18,0.16666666666666666
2026-W34,LEC,Rell,3,18,0.16666666666666666
2026-W34,LEC,Taliyah,3,18,0.16666666666666666
2026-W34,LEC,Wukong,3,18,0.16666666666666666
2026-W34,LEC,Xayah,3,18,0.16666666666666666
2026-W34,LEC,Akali,2,18,0.1111111111111111
2026-W34,LEC,Anivia,2,18,0.1111111111111111
2026-W34,LEC,Cassiopeia,2,18,0.1111111111111111
2026-W34,LEC,Corki,2,18,0.1111111111111111
2026-W34,LEC,Jax,2,18,0.1111111111111111
2026-W34,LEC,Jayce,2,18,0.1111111111111111
2026-W34,LEC,Kalista,2,18,0.1111111111111111
2026-W34,LEC,Karma,2,18,0.1111111111111111
2026-W34,LEC,Naafiri,2,18,0.1111111111111111
2026-W34,LEC,Nocturne,2,18,0.1111111111111111
2026-W34,LEC,Olaf,2,18,0.1111111111111111
2026-W34,LEC,Renekton,2,18,0.1111111111111111
2026-W34,LEC,Skarner,2,18,0.1111111111111111
2026-W34,LEC,Sylas,2,18,0.1111111111111111
2026-W34,LEC,Tristana,2,18,0.1111111111111111
2026-W34,LEC,Varus,2,18,0.1111111111111111
2026-W34,LEC,Yone,2,18,0.1111111111111111
2026-W34,LEC,Alistar,1,18,0.05555555555555555
2026-W34,LEC,Annie,1,18,0.05555555555555555
2026-W34,LEC,Braum,1,18,0.05555555555555555
2026-W34,LEC,Galio,1,18,0.05555555555555555
2026-W34,LEC,Gwen,1,18,0.05555555555555555
2026-W34,LEC,K'Sante,1,18,0.05555555555555555
2026-W34,LEC,Locke,1,18,0.05555555555555555
2026-W34,LEC,Maokai,1,18,0.05555555555555555
2026-W34,LEC,Miss Fortune,1,18,0.05555555555555555
2026-W34,LEC,Nami,1,18,0.05555555555555555
2026-W34,LEC,Ornn,1,18,0.05555555555555555
2026-W34,LEC,Poppy,1,18,0.05555555555555555
2026-W34,LEC,Qiyana,1,18,0.05555555555555555
2026-W34,LEC,Renata Glasc,1,18,0.05555555555555555
2026-W34,LEC,Thresh,1,18,0.05555555555555555
2026-W34,LEC,Trundle,1,18,0.05555555555555555
2026-W34,LEC,Twisted Fate,1,18,0.05555555555555555
2026-W34,LEC,Volibear,1,18,0.05555555555555555
2026-W34,LEC,Yunara,1,18,0.05555555555555555
2026-W34,LPL,Ezreal,13,36,0.3611111111111111
2026-W34,LPL,Karma,13,36,0.3611111111111111
2026-W34,LPL,Ryze,13,36,0.3611111111111111
2026-W34,LPL,Seraphine,13,36,0.3611111111111111
2026-W34,LPL,Bard,12,36,0.3333333333333333
2026-W34,LPL,Jhin,12,36,0.3333333333333333
2026-W34,LPL,Rumble,12,36,0.3333333333333333
2026-W34,LPL,Vi,12,36,0.3333333333333333
2026-W34,LPL,K'Sante,10,36,0.2777777777777778
2026-W34,LPL,Pantheon,10,36,0.2777777777777778
2026-W34,LPL,Lulu,9,36,0.25
2026-W34,LPL,Naafiri,9,36,0.25
2026-W34,LPL,Ambessa,8,36,0.2222222222222222
2026-W34,LPL,Ashe,8,36,0.2222222222222222
2026-W34,LPL,Jarvan IV,8,36,0.2222222222222222
2026-W34,LPL,Jayce,8,36,0.2222222222222222
2026-W34,LPL,Olaf,8,36,0.2222222222222222
2026-W34,LPL,Lee Sin,7,36,0.19444444444444445
2026-W34,LPL,Locke,7,36,0.19444444444444445
2026-W34,LPL,Nocturne,7,36,0.19444444444444445
2026-W34,LPL,Yone,7,36,0.19444444444444445
2026-W34,LPL,Aurora,6,36,0.16666666666666666
2026-W34,LPL,Caitlyn,6,36,0.16666666666666666
2026-W34,LPL,Orianna,6,36,0.16666666666666666
2026-W34,LPL,Syndra,6,36,0.16666666666666666
2026-W34,LPL,Yunara,6,36,0.16666666666666666
2026-W34,LPL,Camille,5,36,0.1388888888888889
2026-W34,LPL,Galio,5,36,0.1388888888888889
2026-W34,LPL,Gnar,5,36,0.1388888888888889
2026-W34,LPL,Lucian,5,36,0.1388888888888889
2026-W34,LPL,Maokai,5,36,0.1388888888888889
2026-W34,LPL,Milio,5,36,0.1388888888888889
2026-W34,LPL,Sivir,5,36,0.1388888888888889
2026-W34,LPL,Trundle,5,36,0.1388888888888889
2026-W34,LPL,Varus,5,36,0.1388888888888889
2026-W34,LPL,Ahri,4,36,0.1111111111111111
2026-W34,LPL,Annie,4,36,0.1111111111111111
2026-W34,LPL,Nautilus,4,36,0.1111111111111111
2026-W34,LPL,Poppy,4,36,0.1111111111111111
2026-W34,LPL,Rell,4,36,0.1111111111111111
2026-W34,LPL,Renekton,4,36,0.1111111111111111
2026-W34,LPL,Viktor,4,36,0.1111111111111111
2026-W34,LPL,Akali,3,36,0.08333333333333333
2026-W34,LPL,Cassiopeia,3,36,0.08333333333333333
2026-W34,LPL,Corki,3,36,0.08333333333333333
2026-W34,LPL,Kalista,3,36,0.08333333333333333
2026-W34,LPL,Qiyana,3,36,0.08333333333333333
2026-W34,LPL,Renata Glasc,3,36,0.08333333333333333
2026-W34,LPL,Twisted Fate,3,36,0.08333333333333333
2026-W34,LPL,Yorick,3,36,0.08333333333333333
2026-W34,LPL,Dr. Mundo,2,36,0.05555555555555555
2026-W34,LPL,Lux,2,36,0.05555555555555555
2026-W34,LPL,Neeko,2,36,0.05555555555555555
2026-W34,LPL,Ornn,2,36,0.05555555555555555
2026-W34,LPL,Rakan,2,36,0.05555555555555555
2026-W34,LPL,Xayah,2,36,0.05555555555555555
2026-W34,LPL,Xin Zhao,2,36,0.05555555555555555
2026-W34,LPL,Anivia,1,36,0.027777777777777776
2026-W34,LPL,Aphelios,1,36,0.027777777777777776
2026-W34,LPL,Jax,1,36,0.027777777777777776
2026-W34,LPL,Kai'Sa,1,36,0.027777777777777776
2026-W34,LPL,LeBlanc,1,36,0.027777777777777776
2026-W34,LPL,Leona,1,36,0.027777777777777776
2026-W34,LPL,Miss Fortune,1,36,0.027777777777777776
2026-W34,LPL,Nami,1,36,0.027777777777777776
2026-W34,LPL,Sylas,1,36,0.027777777777777776
2026-W34,LPL,Thresh,1,36,0.027777777777777776
2026-W34,LPL,Wukong,1,36,0.027777777777777776
2026-W34,LPL,Zaahen,1,36,0.027777777777777776
2026-W34,LPL,Zeri,1,36,0.027777777777777776
2026-W35,LCK,Ahri,2,9,0.2222222222222222
2026-W35,LCK,Ambessa,2,9,0.2222222222222222
2026-W35,LCK,Ashe,2,9,0.2222222222222222
2026-W35,LCK,Bard,2,9,0.2222222222222222
2026-W35,LCK,Camille,2,9,0.2222222222222222
2026-W35,LCK,Ezreal,2,9,0.2222222222222222
2026-W35,LCK,Galio,2,9,0.2222222222222222
2026-W35,LCK,Jarvan IV,2,9,0.2222222222222222
2026-W35,LCK,Jayce,2,9,0.2222222222222222
2026-W35,LCK,Jhin,2,9,0.2222222222222222
2026-W35,LCK,K'Sante,2,9,0.2222222222222222
2026-W35,LCK,Kalista,2,9,0.2222222222222222
2026-W35,LCK,Lee Sin,2,9,0.2222222222222222
2026-W35,LCK,Locke,2,9,0.2222222222222222
2026-W35,LCK,Lulu,2,9,0.2222222222222222
2026-W35,LCK,Naafiri,2,9,0.2222222222222222
2026-W35,LCK,Nautilus,2,9,0.2222222222222222
2026-W35,LCK,Neeko,2,9,0.2222222222222222
2026-W35,LCK,Nocturne,2,9,0.2222222222222222
2026-W35,LCK,Olaf,2,9,0.2222222222222222
2026-W35,LCK,Renata Glasc,2,9,0.2222222222222222
2026-W35,LCK,Rumble,2,9,0.2222222222222222
2026-W35,LCK,Ryze,2,9,0.2222222222222222
2026-W35,LCK,Seraphine,2,9,0.2222222222222222
2026-W35,LCK,Sivir,2,9,0.2222222222222222
2026-W35,LCK,Syndra,2,9,0.2222222222222222
2026-W35,LCK,Vi,2,9,0.2222222222222222
2026-W35,LCK,Wukong,2,9,0.2222222222222222
2026-W35,LCK,Xin Zhao,2,9,0.2222222222222222
2026-W35,LCK,Yunara,2,9,0.2222222222222222
2026-W35,LCK,Anivia,1,9,0.1111111111111111
2026-W35,LCK,Annie,1,9,0.1111111111111111
2026-W35,LCK,Azir,1,9,0.1111111111111111
2026-W35,LCK,Caitlyn,1,9,0.1111111111111111
2026-W35,LCK,Elise,1,9,0.1111111111111111
2026-W35,LCK,Gnar,1,9,0.1111111111111111
2026-W35,LCK,Gwen,1,9,0.1111111111111111
2026-W35,LCK,Jax,1,9,0.1111111111111111
2026-W35,LCK,Kai'Sa,1,9,0.1111111111111111
2026-W35,LCK,Karma,1,9,0.1111111111111111
2026-W35,LCK,Kled,1,9,0.1111111111111111
2026-W35,LCK,LeBlanc,1,9,0.1111111111111111
2026-W35,LCK,Lissandra,1,9,0.1111111111111111
2026-W35,LCK,Lucian,1,9,0.1111111111111111
2026-W35,LCK,Milio,1,9,0.1111111111111111
2026-W35,LCK,Miss Fortune,1,9,0.1111111111111111
2026-W35,LCK,Nidalee,1,9,0.1111111111111111
2026-W35,LCK,Orianna,1,9,0.1111111111111111
2026-W35,LCK,Ornn,1,9,0.1111111111111111
2026-W35,LCK,Pantheon,1,9,0.1111111111111111
2026-W35,LCK,Renekton,1,9,0.1111111111111111
2026-W35,LCK,Shen,1,9,0.1111111111111111
2026-W35,LCK,Taliyah,1,9,0.1111111111111111
2026-W35,LCK,Trundle,1,9,0.1111111111111111
2026-W35,LCK,Varus,1,9,0.1111111111111111
2026-W35,LCK,Yorick,1,9,0.1111111111111111
2026-W35,LCK,Yuumi,1,9,0.1111111111111111
2026-W35,LCK,Zed,1,9,0.1111111111111111
2026-W35,LCK,Zeri,1,9,0.1111111111111111
2026-W35,LCK,Zoe,1,9,0.1111111111111111
2026-W35,LEC,Ambessa,2,5,0.4
2026-W35,LEC,Ezreal,2,5,0.4
2026-W35,LEC,Locke,2,5,0.4
2026-W35,LEC,Lucian,2,5,0.4
2026-W35,LEC,Milio,2,5,0.4
2026-W35,LEC,Orianna,2,5,0.4
2026-W35,LEC,Pantheon,2,5,0.4
2026-W35,LEC,Rumble,2,5,0.4
2026-W35,LEC,Seraphine,2,5,0.4
2026-W35,LEC,Shen,2,5,0.4
2026-W35,LEC,Akali,1,5,0.2
2026-W35,LEC,Anivia,1,5,0.2
2026-W35,LEC,Annie,1,5,0.2
2026-W35,LEC,Ashe,1,5,0.2
2026-W35,LEC,Bard,1,5,0.2
2026-W35,LEC,Caitlyn,1,5,0.2
2026-W35,LEC,Camille,1,5,0.2
2026-W35,LEC,Gnar,1,5,0.2
2026-W35,LEC,Gwen,1,5,0.2
2026-W35,LEC,Jarvan IV,1,5,0.2
2026-W35,LEC,Jax,1,5,0.2
2026-W35,LEC,Jayce,1,5,0.2
2026-W35,LEC,Kai'Sa,1,5,0.2
2026-W35,LEC,Karma,1,5,0.2
2026-W35,LEC,Kled,1,5,0.2
2026-W35,LEC,Lee Sin,1,5,0.2
2026-W35,LEC,Lulu,1,5,0.2
2026-W35,LEC,Nidalee,1,5,0.2
2026-W35,LEC,Nocturne,1,5,0.2
2026-W35,LEC,Olaf,1,5,0.2
2026-W35,LEC,Poppy,1,5,0.2
2026-W35,LEC,Rakan,1,5,0.2
2026-W35,LEC,Ryze,1,5,0.2
2026-W35,LEC,Wukong,1,5,0.2
2026-W35,LEC,Xayah,1,5,0.2
2026-W35,LEC,Xin Zhao,1,5,0.2
2026-W35,LEC,Yone,1,5,0.2
2026-W35,LEC,Yunara,1,5,0.2
2026-W35,LEC,Zaahen,1,5,0.2
2026-W35,LEC,Ziggs,1,5,0.2
